Workbook

Sheet WK 47
A1: CIM | B1: Agent Name | C1: Position | D1: Stage | E1: FT/PT | F1: Wave | G1: 45607 | I1: 45608 | K1: 45609 | M1: 45610 | O1: 45611 | Q1: 45612 | S1: 45613
G2: Monday | I2: Tuesday | K2: Wednesday | M2: Thursday | O2: Friday | Q2: Saturday | S2: Sunday
G3: From | H3: To | I3: From | J3: To | K3: From | L3: To | M3: From | N3: To | O3: From | P3: To | Q3: From | R3: To | S3: From | T3: To | U3: Working Hrs | V3: Preference was | W3: Difference | X3: Pattern
A4: 10316549 | B4: Ahmed Mamdouh | C4: CSR | D4: Production | E4: FT | F4: 1 | G4: 0.45833333 | H4: 0.875 | I4: 0.45833333 | J4: 0.875 | K4: 0.45833333 | L4: 0.875 | M4: 0.45833333 | N4: 0.875 | O4: OFF | P4: OFF | Q4: OFF | R4: OFF | S4: 0.45833333 | T4: 0.66666667 | U4: 45 | V4: 45 | W4: -1.4210855e-14 | X4: 0.41666667 | Y4: =IF(G4="Off","",IF(AND(G4>=TIME(9,0,0),G4<=TIME(10,0,0)),"early",IF(OR(G4=TIME(11,0,0),G4=TIME(12,0,0)),"late",""))) -> late | Z4: =IF(H4="Off","",IF(AND(H4>=TIME(9,0,0),H4<=TIME(10,0,0)),"early",IF(OR(H4=TIME(11,0,0),H4=TIME(12,0,0)),"late",""))) | AA4: =IF(I4="Off","",IF(AND(I4>=TIME(9,0,0),I4<=TIME(10,0,0)),"early",IF(OR(I4=TIME(11,0,0),I4=TIME(12,0,0)),"late",""))) -> late
A5: 10317147 | B5: Asalla Metwally | C5: CSR | D5: Production | E5: FT | F5: 1 | G5: OFF | H5: OFF | I5: 0.375 | J5: 0.79166667 | K5: 0.375 | L5: 0.79166667 | M5: 0.375 | N5: 0.79166667 | O5: 0.375 | P5: 0.79166667 | Q5: 0.45833333 | R5: 0.66666667 | S5: OFF | T5: OFF | U5: 45 | V5: 45 | W5: -7.1054274e-15 | X5: 0.41666667 | Y5: =IF(G5="Off","",IF(AND(G5>=TIME(9,0,0),G5<=TIME(10,0,0)),"early",IF(OR(G5=TIME(11,0,0),G5=TIME(12,0,0)),"late",""))) | AA5: =IF(I5="Off","",IF(AND(I5>=TIME(9,0,0),I5<=TIME(10,0,0)),"early",IF(OR(I5=TIME(11,0,0),I5=TIME(12,0,0)),"late",""))) -> early
A6: 10250963 | B6: Dina Hanafy | C6: CSR | D6: Production | E6: FT | F6: 1 | G6: OFF | H6: OFF | I6: 0.45833333 | J6: 0.875 | K6: 0.45833333 | L6: 0.875 | M6: 0.45833333 | N6: 0.875 | O6: 0.45833333 | P6: 0.875 | Q6: 0.45833333 | R6: 0.66666667 | S6: OFF | T6: OFF | U6: 45 | V6: 45 | W6: -1.4210855e-14 | X6: 0.41666667 | Y6: =IF(G6="Off","",IF(AND(G6>=TIME(9,0,0),G6<=TIME(10,0,0)),"early",IF(OR(G6=TIME(11,0,0),G6=TIME(12,0,0)),"late",""))) | AA6: =IF(I6="Off","",IF(AND(I6>=TIME(9,0,0),I6<=TIME(10,0,0)),"early",IF(OR(I6=TIME(11,0,0),I6=TIME(12,0,0)),"late",""))) -> late
A7: 10316530 | B7: Hassan Hussain | C7: CSR | D7: Production | E7: FT | F7: 1 | G7: OFF | H7: OFF | I7: 0.45833333 | J7: 0.875 | K7: 0.45833333 | L7: 0.875 | M7: 0.45833333 | N7: 0.875 | O7: 0.45833333 | P7: 0.875 | Q7: 0.45833333 | R7: 0.66666667 | S7: OFF | T7: OFF | U7: 45 | V7: 45 | W7: -1.4210855e-14 | X7: 0.41666667 | Y7: =IF(G7="Off","",IF(AND(G7>=TIME(9,0,0),G7<=TIME(10,0,0)),"early",IF(OR(G7=TIME(11,0,0),G7=TIME(12,0,0)),"late",""))) | AA7: =IF(I7="Off","",IF(AND(I7>=TIME(9,0,0),I7<=TIME(10,0,0)),"early",IF(OR(I7=TIME(11,0,0),I7=TIME(12,0,0)),"late",""))) -> late
A8: 10317943 | B8: Hla Badr | C8: CSR | D8: Production | E8: FT | F8: 2 | G8: 0.375 | H8: 0.79166667 | I8: 0.375 | J8: 0.79166667 | K8: 0.375 | L8: 0.79166667 | M8: 0.375 | N8: 0.79166667 | O8: OFF | P8: OFF | Q8: OFF | R8: OFF | S8: 0.45833333 | T8: 0.66666667 | U8: 45 | V8: 45 | W8: 7.1054274e-15 | X8: 0.41666667 | Y8: =IF(G8="Off","",IF(AND(G8>=TIME(9,0,0),G8<=TIME(10,0,0)),"early",IF(OR(G8=TIME(11,0,0),G8=TIME(12,0,0)),"late",""))) -> early | AA8: =IF(I8="Off","",IF(AND(I8>=TIME(9,0,0),I8<=TIME(10,0,0)),"early",IF(OR(I8=TIME(11,0,0),I8=TIME(12,0,0)),"late",""))) -> early
A9: 10317521 | B9: Mariam Gadalkarim | C9: CSR | D9: Production | E9: FT | F9: 2 | G9: 0.375 | H9: 0.79166667 | I9: 0.375 | J9: 0.79166667 | K9: 0.375 | L9: 0.79166667 | M9: 0.375 | N9: 0.79166667 | O9: OFF | P9: OFF | Q9: OFF | R9: OFF | S9: 0.45833333 | T9: 0.66666667 | U9: 45 | V9: 45 | W9: 7.1054274e-15 | X9: 0.41666667 | Y9: =IF(G9="Off","",IF(AND(G9>=TIME(9,0,0),G9<=TIME(10,0,0)),"early",IF(OR(G9=TIME(11,0,0),G9=TIME(12,0,0)),"late",""))) -> early | AA9: =IF(I9="Off","",IF(AND(I9>=TIME(9,0,0),I9<=TIME(10,0,0)),"early",IF(OR(I9=TIME(11,0,0),I9=TIME(12,0,0)),"late",""))) -> early
A10: 10317517 | B10: Mariam Hanna | C10: CSR | D10: Production | E10: FT | F10: 2 | G10: OFF | H10: OFF | I10: 0.375 | J10: 0.79166667 | K10: 0.375 | L10: 0.79166667 | M10: 0.375 | N10: 0.79166667 | O10: 0.375 | P10: 0.79166667 | Q10: 0.45833333 | R10: 0.66666667 | S10: OFF | T10: OFF | U10: 45 | V10: 45 | W10: 7.1054274e-15 | X10: 0.41666667 | Y10: =IF(G10="Off","",IF(AND(G10>=TIME(9,0,0),G10<=TIME(10,0,0)),"early",IF(OR(G10=TIME(11,0,0),G10=TIME(12,0,0)),"late",""))) | AA10: =IF(I10="Off","",IF(AND(I10>=TIME(9,0,0),I10<=TIME(10,0,0)),"early",IF(OR(I10=TIME(11,0,0),I10=TIME(12,0,0)),"late",""))) -> early
A11: 10316540 | B11: Wafaa Elnaby | C11: CSR | D11: Production | E11: FT | F11: 1 | G11: OFF | H11: OFF | I11: 0.45833333 | J11: 0.875 | K11: 0.45833333 | L11: 0.875 | M11: 0.45833333 | N11: 0.875 | O11: 0.45833333 | P11: 0.875 | Q11: 0.45833333 | R11: 0.66666667 | S11: OFF | T11: OFF | U11: 45 | V11: 45 | W11: -1.4210855e-14 | X11: 0.41666667 | Y11: =IF(G11="Off","",IF(AND(G11>=TIME(9,0,0),G11<=TIME(10,0,0)),"early",IF(OR(G11=TIME(11,0,0),G11=TIME(12,0,0)),"late",""))) | AA11: =IF(I11="Off","",IF(AND(I11>=TIME(9,0,0),I11<=TIME(10,0,0)),"early",IF(OR(I11=TIME(11,0,0),I11=TIME(12,0,0)),"late",""))) -> late
A12: 10317522 | B12: Ahmed Hisham | C12: CSR | D12: Production | E12: FT | F12: 2 | G12: 0.45833333 | H12: 0.875 | I12: 0.45833333 | J12: 0.875 | K12: 0.45833333 | L12: 0.875 | M12: 0.45833333 | N12: 0.875 | O12: OFF | P12: OFF | Q12: OFF | R12: OFF | S12: 0.45833333 | T12: 0.66666667 | U12: 45 | V12: 45 | W12: -1.4210855e-14 | X12: 0.41666667 | Y12: =IF(G12="Off","",IF(AND(G12>=TIME(9,0,0),G12<=TIME(10,0,0)),"early",IF(OR(G12=TIME(11,0,0),G12=TIME(12,0,0)),"late",""))) -> late | AA12: =IF(I12="Off","",IF(AND(I12>=TIME(9,0,0),I12<=TIME(10,0,0)),"early",IF(OR(I12=TIME(11,0,0),I12=TIME(12,0,0)),"late",""))) -> late
A13: 10272259 | B13: Aya Hassan | C13: CSR | D13: Production | E13: FT | F13: 2 | G13: 0.5 | H13: 0.875 | I13: OFF | J13: OFF | K13: OFF | L13: OFF | M13: 0.5 | N13: 0.875 | O13: 0.5 | P13: 0.875 | Q13: 0.45833333 | R13: 0.66666667 | S13: 0.45833333 | T13: 0.66666667 | U13: 37 | V13: 37 | W13: 0 | X13: 0.375 | Y13: =IF(G13="Off","",IF(AND(G13>=TIME(9,0,0),G13<=TIME(10,0,0)),"early",IF(OR(G13=TIME(11,0,0),G13=TIME(12,0,0)),"late",""))) -> late | AA13: =IF(I13="Off","",IF(AND(I13>=TIME(9,0,0),I13<=TIME(10,0,0)),"early",IF(OR(I13=TIME(11,0,0),I13=TIME(12,0,0)),"late","")))
A14: 10316618 | B14: Caren Lawendi | C14: CSR | D14: Production | E14: FT | F14: 1 | G14: 0.45833333 | H14: 0.875 | I14: 0.45833333 | J14: 0.875 | K14: 0.45833333 | L14: 0.875 | M14: 0.45833333 | N14: 0.875 | O14: OFF | P14: OFF | Q14: OFF | R14: OFF | S14: 0.45833333 | T14: 0.66666667 | U14: 45 | V14: 45 | W14: -1.4210855e-14 | X14: 0.41666667 | Y14: =IF(G14="Off","",IF(AND(G14>=TIME(9,0,0),G14<=TIME(10,0,0)),"early",IF(OR(G14=TIME(11,0,0),G14=TIME(12,0,0)),"late",""))) -> late | AA14: =IF(I14="Off","",IF(AND(I14>=TIME(9,0,0),I14<=TIME(10,0,0)),"early",IF(OR(I14=TIME(11,0,0),I14=TIME(12,0,0)),"late",""))) -> late
A15: 10295555 | B15: Duaa Elshareeff | C15: CSR | D15: Production | E15: PT | F15: 2 | G15: 0.66666667 | H15: 0.875 | I15: 0.66666667 | J15: 0.875 | K15: 0.66666667 | L15: 0.875 | M15: OFF | N15: OFF | O15: OFF | P15: OFF | Q15: AN | R15: AN | S15: AN | T15: AN | U15: 15 | V15: 25 | W15: 10 | X15: 0.20833333 | Y15: =IF(G15="Off","",IF(AND(G15>=TIME(9,0,0),G15<=TIME(10,0,0)),"early",IF(OR(G15=TIME(11,0,0),G15=TIME(12,0,0)),"late",""))) | AA15: =IF(I15="Off","",IF(AND(I15>=TIME(9,0,0),I15<=TIME(10,0,0)),"early",IF(OR(I15=TIME(11,0,0),I15=TIME(12,0,0)),"late","")))
A16: 10317520 | B16: Farida Gadalkarim | C16: CSR | D16: Production | E16: FT | F16: 2 | G16: 0.375 | H16: 0.79166667 | I16: 0.375 | J16: 0.79166667 | K16: 0.375 | L16: 0.79166667 | M16: 0.375 | N16: 0.79166667 | O16: OFF | P16: OFF | Q16: OFF | R16: OFF | S16: 0.45833333 | T16: 0.66666667 | U16: 45 | V16: 45 | W16: 7.1054274e-15 | X16: 0.41666667 | Y16: =IF(G16="Off","",IF(AND(G16>=TIME(9,0,0),G16<=TIME(10,0,0)),"early",IF(OR(G16=TIME(11,0,0),G16=TIME(12,0,0)),"late",""))) -> early | AA16: =IF(I16="Off","",IF(AND(I16>=TIME(9,0,0),I16<=TIME(10,0,0)),"early",IF(OR(I16=TIME(11,0,0),I16=TIME(12,0,0)),"late",""))) -> early
A17: 10316681 | B17: Habiba Morsy | C17: CSR | D17: Production | E17: FT | F17: 1 | G17: 0.375 | H17: 0.79166667 | I17: 0.375 | J17: 0.79166667 | K17: 0.375 | L17: 0.79166667 | M17: 0.375 | N17: 0.79166667 | O17: OFF | P17: OFF | Q17: OFF | R17: OFF | S17: 0.45833333 | T17: 0.66666667 | U17: 45 | V17: 45 | W17: 7.1054274e-15 | X17: 0.41666667 | Y17: =IF(G17="Off","",IF(AND(G17>=TIME(9,0,0),G17<=TIME(10,0,0)),"early",IF(OR(G17=TIME(11,0,0),G17=TIME(12,0,0)),"late",""))) -> early | AA17: =IF(I17="Off","",IF(AND(I17>=TIME(9,0,0),I17<=TIME(10,0,0)),"early",IF(OR(I17=TIME(11,0,0),I17=TIME(12,0,0)),"late",""))) -> early
A18: 10316650 | B18: Hana Afifi | C18: CSR | D18: Production | E18: FT | F18: 2 | G18: 0.375 | H18: 0.79166667 | I18: 0.375 | J18: 0.79166667 | K18: 0.375 | L18: 0.79166667 | M18: 0.375 | N18: 0.79166667 | O18: OFF | P18: OFF | Q18: OFF | R18: OFF | S18: 0.45833333 | T18: 0.66666667 | U18: 45 | V18: 45 | W18: 7.1054274e-15 | X18: 0.41666667 | Y18: =IF(G18="Off","",IF(AND(G18>=TIME(9,0,0),G18<=TIME(10,0,0)),"early",IF(OR(G18=TIME(11,0,0),G18=TIME(12,0,0)),"late",""))) -> early | AA18: =IF(I18="Off","",IF(AND(I18>=TIME(9,0,0),I18<=TIME(10,0,0)),"early",IF(OR(I18=TIME(11,0,0),I18=TIME(12,0,0)),"late",""))) -> early
A19: 10316680 | B19: Hesham Hussien | C19: CSR | D19: Production | E19: FT | F19: 1 | G19: OFF | H19: OFF | I19: 0.45833333 | J19: 0.875 | K19: 0.45833333 | L19: 0.875 | M19: 0.45833333 | N19: 0.875 | O19: 0.45833333 | P19: 0.875 | Q19: 0.45833333 | R19: 0.66666667 | S19: OFF | T19: OFF | U19: 45 | V19: 45 | W19: -1.4210855e-14 | X19: 0.41666667 | Y19: =IF(G19="Off","",IF(AND(G19>=TIME(9,0,0),G19<=TIME(10,0,0)),"early",IF(OR(G19=TIME(11,0,0),G19=TIME(12,0,0)),"late",""))) | AA19: =IF(I19="Off","",IF(AND(I19>=TIME(9,0,0),I19<=TIME(10,0,0)),"early",IF(OR(I19=TIME(11,0,0),I19=TIME(12,0,0)),"late",""))) -> late
A20: 10316543 | B20: Khaled Zaafarany | C20: CSR | D20: Production | E20: FT | F20: 1 | G20: 0.45833333 | H20: 0.875 | I20: 0.45833333 | J20: 0.875 | K20: 0.45833333 | L20: 0.875 | M20: 0.45833333 | N20: 0.875 | O20: OFF | P20: OFF | Q20: OFF | R20: OFF | S20: 0.45833333 | T20: 0.66666667 | U20: 45 | V20: 45 | W20: -1.4210855e-14 | X20: 0.41666667 | Y20: =IF(G20="Off","",IF(AND(G20>=TIME(9,0,0),G20<=TIME(10,0,0)),"early",IF(OR(G20=TIME(11,0,0),G20=TIME(12,0,0)),"late",""))) -> late | AA20: =IF(I20="Off","",IF(AND(I20>=TIME(9,0,0),I20<=TIME(10,0,0)),"early",IF(OR(I20=TIME(11,0,0),I20=TIME(12,0,0)),"late",""))) -> late
A21: 10317153 | B21: Mahmoud Abdelaziz | C21: CSR | D21: Production | E21: FT | F21: 1 | G21: OFF | H21: OFF | I21: 0.375 | J21: 0.79166667 | K21: 0.375 | L21: 0.79166667 | M21: 0.375 | N21: 0.79166667 | O21: 0.375 | P21: 0.79166667 | Q21: 0.45833333 | R21: 0.66666667 | S21: OFF | T21: OFF | U21: 45 | V21: 45 | W21: -7.1054274e-15 | X21: 0.41666667 | Y21: =IF(G21="Off","",IF(AND(G21>=TIME(9,0,0),G21<=TIME(10,0,0)),"early",IF(OR(G21=TIME(11,0,0),G21=TIME(12,0,0)),"late",""))) | AA21: =IF(I21="Off","",IF(AND(I21>=TIME(9,0,0),I21<=TIME(10,0,0)),"early",IF(OR(I21=TIME(11,0,0),I21=TIME(12,0,0)),"late",""))) -> early
A22: 10252106 | B22: Marinass Elhusseni | C22: CSR | D22: Production | E22: FT | F22: 2 | G22: OFF | H22: OFF | I22: 0.375 | J22: 0.75 | K22: OFF | L22: OFF | M22: 0.375 | N22: 0.75 | O22: 0.375 | P22: 0.75 | Q22: 0.45833333 | R22: 0.66666667 | S22: 0.45833333 | T22: 0.66666667 | U22: 37 | V22: 37 | W22: 0 | X22: 0.375 | Y22: =IF(G22="Off","",IF(AND(G22>=TIME(9,0,0),G22<=TIME(10,0,0)),"early",IF(OR(G22=TIME(11,0,0),G22=TIME(12,0,0)),"late",""))) | AA22: =IF(I22="Off","",IF(AND(I22>=TIME(9,0,0),I22<=TIME(10,0,0)),"early",IF(OR(I22=TIME(11,0,0),I22=TIME(12,0,0)),"late",""))) -> early
A23: 10316538 | B23: Mohamed Abdelrahman | C23: CSR | D23: Production | E23: FT | F23: 1 | G23: 0.5 | H23: 0.875 | I23: 0.5 | J23: 0.875 | K23: OFF | L23: OFF | M23: OFF | N23: OFF | O23: 0.5 | P23: 0.875 | Q23: 0.45833333 | R23: 0.66666667 | S23: 0.45833333 | T23: 0.66666667 | U23: 37 | V23: 37 | W23: 0 | X23: 0.375 | Y23: =IF(G23="Off","",IF(AND(G23>=TIME(9,0,0),G23<=TIME(10,0,0)),"early",IF(OR(G23=TIME(11,0,0),G23=TIME(12,0,0)),"late",""))) -> late | AA23: =IF(I23="Off","",IF(AND(I23>=TIME(9,0,0),I23<=TIME(10,0,0)),"early",IF(OR(I23=TIME(11,0,0),I23=TIME(12,0,0)),"late",""))) -> late
A24: 10316545 | B24: Nada Mosbah | C24: CSR | D24: Production | E24: FT | F24: 1 | G24: OFF | H24: OFF | I24: 0.375 | J24: 0.79166667 | K24: 0.375 | L24: 0.79166667 | M24: 0.375 | N24: 0.79166667 | O24: 0.375 | P24: 0.79166667 | Q24: 0.45833333 | R24: 0.66666667 | S24: OFF | T24: OFF | U24: 45 | V24: 45 | W24: -7.1054274e-15 | X24: 0.41666667 | Y24: =IF(G24="Off","",IF(AND(G24>=TIME(9,0,0),G24<=TIME(10,0,0)),"early",IF(OR(G24=TIME(11,0,0),G24=TIME(12,0,0)),"late",""))) | AA24: =IF(I24="Off","",IF(AND(I24>=TIME(9,0,0),I24<=TIME(10,0,0)),"early",IF(OR(I24=TIME(11,0,0),I24=TIME(12,0,0)),"late",""))) -> early
A25: 10316572 | B25: Nadine Morsy | C25: CSR | D25: Production | E25: FT | F25: 2 | G25: 0.45833333 | H25: 0.875 | I25: 0.45833333 | J25: 0.875 | K25: 0.45833333 | L25: 0.875 | M25: 0.45833333 | N25: 0.875 | O25: OFF | P25: OFF | Q25: OFF | R25: OFF | S25: 0.45833333 | T25: 0.66666667 | U25: 45 | V25: 45 | W25: -1.4210855e-14 | X25: 0.41666667 | Y25: =IF(G25="Off","",IF(AND(G25>=TIME(9,0,0),G25<=TIME(10,0,0)),"early",IF(OR(G25=TIME(11,0,0),G25=TIME(12,0,0)),"late",""))) -> late | AA25: =IF(I25="Off","",IF(AND(I25>=TIME(9,0,0),I25<=TIME(10,0,0)),"early",IF(OR(I25=TIME(11,0,0),I25=TIME(12,0,0)),"late",""))) -> late
A26: 10316685 | B26: Nouran Noby | C26: CSR | D26: Production | E26: FT | F26: 1 | G26: OFF | H26: OFF | I26: 0.45833333 | J26: 0.875 | K26: 0.45833333 | L26: 0.875 | M26: 0.45833333 | N26: 0.875 | O26: 0.45833333 | P26: 0.875 | Q26: 0.45833333 | R26: 0.66666667 | S26: OFF | T26: OFF | U26: 45 | V26: 45 | W26: -1.4210855e-14 | X26: 0.41666667 | Y26: =IF(G26="Off","",IF(AND(G26>=TIME(9,0,0),G26<=TIME(10,0,0)),"early",IF(OR(G26=TIME(11,0,0),G26=TIME(12,0,0)),"late",""))) | AA26: =IF(I26="Off","",IF(AND(I26>=TIME(9,0,0),I26<=TIME(10,0,0)),"early",IF(OR(I26=TIME(11,0,0),I26=TIME(12,0,0)),"late",""))) -> late
A27: 10274446 | B27: Omar Eldeen | C27: CSR | D27: Production | E27: FT | F27: 2 | G27: 0.5 | H27: 0.875 | I27: 0.5 | J27: 0.875 | K27: OFF | L27: OFF | M27: OFF | N27: OFF | O27: 0.5 | P27: 0.875 | Q27: 0.45833333 | R27: 0.66666667 | S27: 0.45833333 | T27: 0.66666667 | U27: 37 | V27: 37 | W27: 0 | X27: 0.375 | Y27: =IF(G27="Off","",IF(AND(G27>=TIME(9,0,0),G27<=TIME(10,0,0)),"early",IF(OR(G27=TIME(11,0,0),G27=TIME(12,0,0)),"late",""))) -> late | AA27: =IF(I27="Off","",IF(AND(I27>=TIME(9,0,0),I27<=TIME(10,0,0)),"early",IF(OR(I27=TIME(11,0,0),I27=TIME(12,0,0)),"late",""))) -> late
A28: 10316546 | B28: Salma Majed | C28: CSR | D28: Production | E28: FT | F28: 1 | G28: 0.375 | H28: 0.79166667 | I28: 0.375 | J28: 0.79166667 | K28: 0.375 | L28: 0.79166667 | M28: 0.375 | N28: 0.79166667 | O28: OFF | P28: OFF | Q28: OFF | R28: OFF | S28: 0.45833333 | T28: 0.66666667 | U28: 45 | V28: 45 | W28: 7.1054274e-15 | X28: 0.41666667 | Y28: =IF(G28="Off","",IF(AND(G28>=TIME(9,0,0),G28<=TIME(10,0,0)),"early",IF(OR(G28=TIME(11,0,0),G28=TIME(12,0,0)),"late",""))) -> early | AA28: =IF(I28="Off","",IF(AND(I28>=TIME(9,0,0),I28<=TIME(10,0,0)),"early",IF(OR(I28=TIME(11,0,0),I28=TIME(12,0,0)),"late",""))) -> early
A29: 10316551 | B29: Salma Badreldin | C29: CSR | D29: Production | E29: FT | F29: 1 | G29: 0.375 | H29: 0.79166667 | I29: 0.375 | J29: 0.79166667 | K29: 0.375 | L29: 0.79166667 | M29: 0.375 | N29: 0.79166667 | O29: OFF | P29: OFF | Q29: OFF | R29: OFF | S29: 0.45833333 | T29: 0.66666667 | U29: 45 | V29: 45 | W29: 7.1054274e-15 | X29: 0.41666667 | Y29: =IF(G29="Off","",IF(AND(G29>=TIME(9,0,0),G29<=TIME(10,0,0)),"early",IF(OR(G29=TIME(11,0,0),G29=TIME(12,0,0)),"late",""))) -> early | AA29: =IF(I29="Off","",IF(AND(I29>=TIME(9,0,0),I29<=TIME(10,0,0)),"early",IF(OR(I29=TIME(11,0,0),I29=TIME(12,0,0)),"late",""))) -> early
A30: 10316683 | B30: Shahd Abdelaziz | C30: CSR | D30: Production | E30: FT | F30: 1 | G30: OFF | H30: OFF | I30: 0.375 | J30: 0.79166667 | K30: 0.375 | L30: 0.79166667 | M30: 0.375 | N30: 0.79166667 | O30: 0.375 | P30: 0.79166667 | Q30: 0.45833333 | R30: 0.66666667 | S30: OFF | T30: OFF | U30: 45 | V30: 45 | W30: 1.4210855e-14 | X30: 0.41666667 | Y30: =IF(G30="Off","",IF(AND(G30>=TIME(9,0,0),G30<=TIME(10,0,0)),"early",IF(OR(G30=TIME(11,0,0),G30=TIME(12,0,0)),"late",""))) | AA30: =IF(I30="Off","",IF(AND(I30>=TIME(9,0,0),I30<=TIME(10,0,0)),"early",IF(OR(I30=TIME(11,0,0),I30=TIME(12,0,0)),"late",""))) -> early
A31: 10317151 | B31: Youssef Shokry | C31: CSR | D31: Production | E31: FT | F31: 1 | G31: 0.375 | H31: 0.75 | I31: 0.375 | J31: 0.75 | K31: 0.375 | L31: 0.75 | M31: 0.375 | N31: 0.75 | O31: 0.375 | P31: 0.75 | Q31: OFF | R31: OFF | S31: OFF | T31: OFF | U31: 45 | V31: 45 | W31: 0 | X31: 0.41666667 | Y31: =IF(G31="Off","",IF(AND(G31>=TIME(9,0,0),G31<=TIME(10,0,0)),"early",IF(OR(G31=TIME(11,0,0),G31=TIME(12,0,0)),"late",""))) -> early | AA31: =IF(I31="Off","",IF(AND(I31>=TIME(9,0,0),I31<=TIME(10,0,0)),"early",IF(OR(I31=TIME(11,0,0),I31=TIME(12,0,0)),"late",""))) -> early
A32: 10317524 | B32: Zeina Ashraf | C32: CSR | D32: Production | E32: FT | F32: 2 | G32: 0.375 | H32: 0.75 | I32: 0.375 | J32: 0.75 | K32: 0.375 | L32: 0.75 | M32: 0.375 | N32: 0.75 | O32: 0.375 | P32: 0.75 | Q32: OFF | R32: OFF | S32: OFF | T32: OFF | U32: 45 | V32: 45 | W32: 0 | X32: 0.375 | Y32: =IF(G32="Off","",IF(AND(G32>=TIME(9,0,0),G32<=TIME(10,0,0)),"early",IF(OR(G32=TIME(11,0,0),G32=TIME(12,0,0)),"late",""))) -> early | AA32: =IF(I32="Off","",IF(AND(I32>=TIME(9,0,0),I32<=TIME(10,0,0)),"early",IF(OR(I32=TIME(11,0,0),I32=TIME(12,0,0)),"late",""))) -> early
A33: 10276839 | B33: Reem Alaa | C33: CSR | D33: Production | E33: FT | F33: 2 | G33: 0.375 | H33: 0.75 | I33: 0.375 | J33: 0.75 | K33: 0.375 | L33: 0.75 | M33: 0.375 | N33: 0.75 | O33: 0.375 | P33: 0.75 | Q33: OFF | R33: OFF | S33: OFF | T33: OFF | U33: 45 | V33: 45 | W33: 0 | X33: 0.375 | Y33: =IF(G33="Off","",IF(AND(G33>=TIME(9,0,0),G33<=TIME(10,0,0)),"early",IF(OR(G33=TIME(11,0,0),G33=TIME(12,0,0)),"late",""))) -> early | AA33: =IF(I33="Off","",IF(AND(I33>=TIME(9,0,0),I33<=TIME(10,0,0)),"early",IF(OR(I33=TIME(11,0,0),I33=TIME(12,0,0)),"late",""))) -> early
A34: 10320407 | B34: Marleen Francis | C34: CSR | D34: Production | E34: FT | F34: 3 | G34: 0.375 | H34: 0.75 | I34: 0.375 | J34: 0.75 | K34: 0.375 | L34: 0.75 | M34: 0.375 | N34: 0.75 | O34: 0.375 | P34: 0.75 | Q34: OFF | R34: OFF | S34: OFF | T34: OFF | U34: 45 | V34: 45 | AA34: =IF(I34="Off","",IF(AND(I34>=TIME(9,0,0),I34<=TIME(10,0,0)),"early",IF(OR(I34=TIME(11,0,0),I34=TIME(12,0,0)),"late",""))) -> early
A35: 10320408 | B35: Alaa Ali | C35: CSR | D35: Production | E35: FT | F35: 3 | G35: 0.375 | H35: 0.75 | I35: 0.375 | J35: 0.75 | K35: 0.375 | L35: 0.75 | M35: 0.375 | N35: 0.75 | O35: 0.375 | P35: 0.75 | Q35: OFF | R35: OFF | S35: OFF | T35: OFF | U35: 45 | V35: 45 | AA35: =IF(I35="Off","",IF(AND(I35>=TIME(9,0,0),I35<=TIME(10,0,0)),"early",IF(OR(I35=TIME(11,0,0),I35=TIME(12,0,0)),"late",""))) -> early
A36: 10320409 | B36: Youssef Eltokhy | C36: CSR | D36: Production | E36: FT | F36: 3 | G36: 0.375 | H36: 0.75 | I36: 0.375 | J36: 0.75 | K36: 0.375 | L36: 0.75 | M36: 0.375 | N36: 0.75 | O36: 0.375 | P36: 0.75 | Q36: OFF | R36: OFF | S36: OFF | T36: OFF | U36: 45 | V36: 45 | AA36: =IF(I36="Off","",IF(AND(I36>=TIME(9,0,0),I36<=TIME(10,0,0)),"early",IF(OR(I36=TIME(11,0,0),I36=TIME(12,0,0)),"late",""))) -> early
A37: 10320410 | B37: Abdelrahman Etman | C37: CSR | D37: Production | E37: FT | F37: 3 | G37: 0.375 | H37: 0.75 | I37: 0.375 | J37: 0.75 | K37: 0.375 | L37: 0.75 | M37: 0.375 | N37: 0.75 | O37: 0.375 | P37: 0.75 | Q37: OFF | R37: OFF | S37: OFF | T37: OFF | U37: 45 | V37: 45 | AA37: =IF(I37="Off","",IF(AND(I37>=TIME(9,0,0),I37<=TIME(10,0,0)),"early",IF(OR(I37=TIME(11,0,0),I37=TIME(12,0,0)),"late",""))) -> early
A38: 10320412 | B38: Bassant Amin | C38: CSR | D38: Production | E38: FT | F38: 3 | G38: 0.375 | H38: 0.75 | I38: 0.375 | J38: 0.75 | K38: 0.375 | L38: 0.75 | M38: 0.375 | N38: 0.75 | O38: 0.375 | P38: 0.75 | Q38: OFF | R38: OFF | S38: OFF | T38: OFF | U38: 45 | V38: 45 | AA38: =IF(I38="Off","",IF(AND(I38>=TIME(9,0,0),I38<=TIME(10,0,0)),"early",IF(OR(I38=TIME(11,0,0),I38=TIME(12,0,0)),"late",""))) -> early
A39: 10320413 | B39: Alaa Abdulshafi | C39: CSR | D39: Production | E39: FT | F39: 3 | G39: 0.375 | H39: 0.75 | I39: 0.375 | J39: 0.75 | K39: 0.375 | L39: 0.75 | M39: 0.375 | N39: 0.75 | O39: 0.375 | P39: 0.75 | Q39: OFF | R39: OFF | S39: OFF | T39: OFF | U39: 45 | V39: 45 | AA39: =IF(I39="Off","",IF(AND(I39>=TIME(9,0,0),I39<=TIME(10,0,0)),"early",IF(OR(I39=TIME(11,0,0),I39=TIME(12,0,0)),"late",""))) -> early
A40: 10250966 | B40: Jumana Ashraf | C40: CSR | D40: Production | E40: FT | F40: 3 | G40: 0.375 | H40: 0.75 | I40: 0.375 | J40: 0.75 | K40: 0.375 | L40: 0.75 | M40: 0.375 | N40: 0.75 | O40: 0.375 | P40: 0.75 | Q40: OFF | R40: OFF | S40: OFF | T40: OFF | U40: 45 | V40: 45 | AA40: =IF(I40="Off","",IF(AND(I40>=TIME(9,0,0),I40<=TIME(10,0,0)),"early",IF(OR(I40=TIME(11,0,0),I40=TIME(12,0,0)),"late",""))) -> early
A41: 10320414 | B41: Fatimaalzahra Hafez | C41: CSR | D41: Production | E41: FT | F41: 3 | G41: 0.375 | H41: 0.75 | I41: 0.375 | J41: 0.75 | K41: 0.375 | L41: 0.75 | M41: 0.375 | N41: 0.75 | O41: 0.375 | P41: 0.75 | Q41: OFF | R41: OFF | S41: OFF | T41: OFF | U41: 45 | V41: 45 | AA41: =IF(I41="Off","",IF(AND(I41>=TIME(9,0,0),I41<=TIME(10,0,0)),"early",IF(OR(I41=TIME(11,0,0),I41=TIME(12,0,0)),"late",""))) -> early
A42: 10320415 | B42: Abdelrahman Ibrahim | C42: CSR | D42: Production | E42: FT | F42: 3 | G42: 0.375 | H42: 0.75 | I42: 0.375 | J42: 0.75 | K42: 0.375 | L42: 0.75 | M42: 0.375 | N42: 0.75 | O42: 0.375 | P42: 0.75 | Q42: OFF | R42: OFF | S42: OFF | T42: OFF | U42: 45 | V42: 45 | AA42: =IF(I42="Off","",IF(AND(I42>=TIME(9,0,0),I42<=TIME(10,0,0)),"early",IF(OR(I42=TIME(11,0,0),I42=TIME(12,0,0)),"late",""))) -> early
A43: 10293627 | B43: Yassin shaker | C43: CSR | D43: Production | E43: FT | F43: 3 | G43: 0.375 | H43: 0.75 | I43: 0.375 | J43: 0.75 | K43: 0.375 | L43: 0.75 | M43: 0.375 | N43: 0.75 | O43: 0.375 | P43: 0.75 | Q43: OFF | R43: OFF | S43: OFF | T43: OFF | U43: 45 | V43: 45 | AA43: =IF(I43="Off","",IF(AND(I43>=TIME(9,0,0),I43<=TIME(10,0,0)),"early",IF(OR(I43=TIME(11,0,0),I43=TIME(12,0,0)),"late",""))) -> early
A44: 10293607 | B44: Mohamed Hassan | C44: CSR | D44: Production | E44: FT | F44: 3 | G44: 0.375 | H44: 0.75 | I44: 0.375 | J44: 0.75 | K44: 0.375 | L44: 0.75 | M44: 0.375 | N44: 0.75 | O44: 0.375 | P44: 0.75 | Q44: OFF | R44: OFF | S44: OFF | T44: OFF | U44: 45 | V44: 45 | AA44: =IF(I44="Off","",IF(AND(I44>=TIME(9,0,0),I44<=TIME(10,0,0)),"early",IF(OR(I44=TIME(11,0,0),I44=TIME(12,0,0)),"late",""))) -> early
A45: 10320416 | B45: Hana Jankiz | C45: CSR | D45: Production | E45: FT | F45: 3 | G45: 0.375 | H45: 0.75 | I45: 0.375 | J45: 0.75 | K45: 0.375 | L45: 0.75 | M45: 0.375 | N45: 0.75 | O45: 0.375 | P45: 0.75 | Q45: OFF | R45: OFF | S45: OFF | T45: OFF | U45: 45 | V45: 45 | AA45: =IF(I45="Off","",IF(AND(I45>=TIME(9,0,0),I45<=TIME(10,0,0)),"early",IF(OR(I45=TIME(11,0,0),I45=TIME(12,0,0)),"late",""))) -> early
... A51: 10320436 | B51: Mazen Shokry | C51: CSR | D51: Production | E51: FT | F51: 3 | G51: 0.375 | H51: 0.75 | I51: 0.375 | J51: 0.75 | K51: 0.375 | L51: 0.75 | M51: 0.375 | N51: 0.75 | O51: 0.375 | P51: 0.75 | Q51: OFF | R51: OFF | S51: OFF | T51: OFF | U51: 45 | V51: 45 | AA51: =IF(I51="Off","",IF(AND(I51>=TIME(9,0,0),I51<=TIME(10,0,0)),"early",IF(OR(I51=TIME(11,0,0),I51=TIME(12,0,0)),"late",""))) -> early
AA52: =IF(I52="Off","",IF(AND(I52>=TIME(9,0,0),I52<=TIME(10,0,0)),"early",IF(OR(I52=TIME(11,0,0),I52=TIME(12,0,0)),"late","")))
AA53: =IF(I53="Off","",IF(AND(I53>=TIME(9,0,0),I53<=TIME(10,0,0)),"early",IF(OR(I53=TIME(11,0,0),I53=TIME(12,0,0)),"late","")))
AA54: =IF(I54="Off","",IF(AND(I54>=TIME(9,0,0),I54<=TIME(10,0,0)),"early",IF(OR(I54=TIME(11,0,0),I54=TIME(12,0,0)),"late","")))
G55: Monday | H55: Tuesday | I55: Wednesday | J55: Thursday | K55: Friday | L55: Saturday | M55: Sunday | AA55: =IF(I55="Off","",IF(AND(I55>=TIME(9,0,0),I55<=TIME(10,0,0)),"early",IF(OR(I55=TIME(11,0,0),I55=TIME(12,0,0)),"late","")))
F56: Req Hours | G56: 251.4 | H56: 212.1 | I56: 205.7 | J56: 187.9 | K56: 203.7 | L56: 115.9 | M56: 84.7 | AA56: =IF(I56="Off","",IF(AND(I56>=TIME(9,0,0),I56<=TIME(10,0,0)),"early",IF(OR(I56=TIME(11,0,0),I56=TIME(12,0,0)),"late","")))
F57: Available hours | G57: =G59*7 -> 252 | H57: =H59*7 -> 322 | I57: =I59*7 -> 301 | J57: =J59*7 -> 308 | K57: =K59*7 -> 245 | L57: =L59*4 -> 56 | M57: =M59*4 -> 60 | AA57: =IF(I57="Off","",IF(AND(I57>=TIME(9,0,0),I57<=TIME(10,0,0)),"early",IF(OR(I57=TIME(11,0,0),I57=TIME(12,0,0)),"late","")))
F58: Variance | G58: =G57-G56 -> 0.6 | H58: =H57-H56 -> 109.9 | I58: =I57-I56 -> 95.3 | J58: =J57-J56 -> 120.1 | K58: =K57-K56 -> 41.3 | L58: =L57-L56 -> -59.9 | M58: =M57-M56 -> -24.7 | AA58: =IF(I58="Off","",IF(AND(I58>=TIME(9,0,0),I58<=TIME(10,0,0)),"early",IF(OR(I58=TIME(11,0,0),I58=TIME(12,0,0)),"late","")))
F59: Available Agents | G59: =IFERROR(__xludf.DUMMYFUNCTION("COUNTA(FILTER($C$4:$C$51, $C$4:$C$51=""CSR"", G5:G52<>"""", NOT(ISTEXT(G5:G52))))"),36) -> 36 | H59: =IFERROR(__xludf.DUMMYFUNCTION("COUNTA(FILTER($C$4:$C$51, $C$4:$C$51=""CSR"", I5:I52<>"""", NOT(ISTEXT(I5:I52))))"),46) -> 46 | I59: =IFERROR(__xludf.DUMMYFUNCTION("COUNTA(FILTER($C$4:$C$51, $C$4:$C$51=""CSR"", K5:K52<>"""", NOT(ISTEXT(K5:K52))))"),43) -> 43 | J59: =IFERROR(__xludf.DUMMYFUNCTION("COUNTA(FILTER($C$4:$C$51, $C$4:$C$51=""CSR"", M5:M52<>"""", NOT(ISTEXT(M5:M52))))"),44) -> 44 | K59: =IFERROR(__xludf.DUMMYFUNCTION("COUNTA(FILTER($C$4:$C$51, $C$4:$C$51=""CSR"", O5:O52<>"""", NOT(ISTEXT(O5:O52))))"),35) -> 35 | L59: =IFERROR(__xludf.DUMMYFUNCTION("COUNTA(FILTER($C$4:$C$51, $C$4:$C$51=""CSR"", Q5:Q52<>"""", NOT(ISTEXT(Q5:Q52))))"),14) -> 14 | M59: =IFERROR(__xludf.DUMMYFUNCTION("COUNTA(FILTER($C$4:$C$51, $C$4:$C$51=""CSR"", S5:S52<>"""", NOT(ISTEXT(S5:S52))))"),15) -> 15 | AA59: =IF(I59="Off","",IF(AND(I59>=TIME(9,0,0),I59<=TIME(10,0,0)),"early",IF(OR(I59=TIME(11,0,0),I59=TIME(12,0,0)),"late","")))
F60: Required Agents | G60: =G56/7 -> 35.914286 | H60: =H56/7 -> 30.3 | I60: =I56/7 -> 29.385714 | J60: =J56/7 -> 26.842857 | K60: =K56/7 -> 29.1 | L60: =L56/4 -> 28.975 | M60: =M56/4 -> 21.175 | AA60: =IF(I60="Off","",IF(AND(I60>=TIME(9,0,0),I60<=TIME(10,0,0)),"early",IF(OR(I60=TIME(11,0,0),I60=TIME(12,0,0)),"late","")))
F61: HC Variance | G61: =G59-G60 -> 0.085714286 | H61: =H59-H60 -> 15.7 | I61: =I59-I60 -> 13.614286 | J61: =J59-J60 -> 17.157143 | K61: =K59-K60 -> 5.9 | L61: =L59-L60 -> -14.975 | M61: =M59-M60 -> -6.175 | AA61: =IF(I61="Off","",IF(AND(I61>=TIME(9,0,0),I61<=TIME(10,0,0)),"early",IF(OR(I61=TIME(11,0,0),I61=TIME(12,0,0)),"late","")))
F62: Variance % | G62: =G61/G60 -> 0.0023866348 | H62: =H61/H60 -> 0.51815182 | I62: =I61/I60 -> 0.46329606 | J62: =J61/J60 -> 0.63916977 | K62: =K61/K60 -> 0.20274914 | L62: =L61/L60 -> -0.51682485 | M62: =M61/M60 -> -0.29161747 | AA62: =IF(I62="Off","",IF(AND(I62>=TIME(9,0,0),I62<=TIME(10,0,0)),"early",IF(OR(I62=TIME(11,0,0),I62=TIME(12,0,0)),"late","")))
AA63: =IF(I63="Off","",IF(AND(I63>=TIME(9,0,0),I63<=TIME(10,0,0)),"early",IF(OR(I63=TIME(11,0,0),I63=TIME(12,0,0)),"late","")))
AA64: =IF(I64="Off","",IF(AND(I64>=TIME(9,0,0),I64<=TIME(10,0,0)),"early",IF(OR(I64=TIME(11,0,0),I64=TIME(12,0,0)),"late","")))
AA65: =IF(I65="Off","",IF(AND(I65>=TIME(9,0,0),I65<=TIME(10,0,0)),"early",IF(OR(I65=TIME(11,0,0),I65=TIME(12,0,0)),"late","")))
AA66: =IF(I66="Off","",IF(AND(I66>=TIME(9,0,0),I66<=TIME(10,0,0)),"early",IF(OR(I66=TIME(11,0,0),I66=TIME(12,0,0)),"late","")))
AA67: =IF(I67="Off","",IF(AND(I67>=TIME(9,0,0),I67<=TIME(10,0,0)),"early",IF(OR(I67=TIME(11,0,0),I67=TIME(12,0,0)),"late","")))
AA68: =IF(I68="Off","",IF(AND(I68>=TIME(9,0,0),I68<=TIME(10,0,0)),"early",IF(OR(I68=TIME(11,0,0),I68=TIME(12,0,0)),"late","")))
AA69: =IF(I69="Off","",IF(AND(I69>=TIME(9,0,0),I69<=TIME(10,0,0)),"early",IF(OR(I69=TIME(11,0,0),I69=TIME(12,0,0)),"late","")))
AA70: =IF(I70="Off","",IF(AND(I70>=TIME(9,0,0),I70<=TIME(10,0,0)),"early",IF(OR(I70=TIME(11,0,0),I70=TIME(12,0,0)),"late","")))
AA71: =IF(I71="Off","",IF(AND(I71>=TIME(9,0,0),I71<=TIME(10,0,0)),"early",IF(OR(I71=TIME(11,0,0),I71=TIME(12,0,0)),"late","")))
AA72: =IF(I72="Off","",IF(AND(I72>=TIME(9,0,0),I72<=TIME(10,0,0)),"early",IF(OR(I72=TIME(11,0,0),I72=TIME(12,0,0)),"late","")))
AA73: =IF(I73="Off","",IF(AND(I73>=TIME(9,0,0),I73<=TIME(10,0,0)),"early",IF(OR(I73=TIME(11,0,0),I73=TIME(12,0,0)),"late","")))
AA74: =IF(I74="Off","",IF(AND(I74>=TIME(9,0,0),I74<=TIME(10,0,0)),"early",IF(OR(I74=TIME(11,0,0),I74=TIME(12,0,0)),"late","")))
... AA993: =IF(I993="Off","",IF(AND(I993>=TIME(9,0,0),I993<=TIME(10,0,0)),"early",IF(OR(I993=TIME(11,0,0),I993=TIME(12,0,0)),"late","")))

Sheet Copy of WK 48
G1: 45621 | I1: 45622 | K1: 45623 | M1: 45624 | O1: 45625 | Q1: 45626 | S1: 45627
F2: Wave | G2: Monday | I2: Tuesday | K2: Wednesday | M2: Thursday | O2: Friday | Q2: Saturday | S2: Sunday
A3: CIM | B3: Agent Name | C3: Position | D3: Stage | E3: FT/PT | G3: From | H3: To | I3: From | J3: To | K3: From | L3: To | M3: From | N3: To | O3: From | P3: To | Q3: From | R3: To | S3: From | T3: To | U3: Working hours | V3: Preferred | W3: last week | X3: Delta | Y3: Pattern
A4: 10317524 | B4: Zeina Ashraf | C4: CSR | D4: Production | E4: {=_xlfn.XLOOKUP(A4,'Schedule Wk 47'!A:A,'Schedule Wk 47'!E:E,"")} -> FT | F4: {=_xlfn.XLOOKUP(A4,'Schedule Wk 47'!A:A,'Schedule Wk 47'!F:F,"")} -> 2 | G4: 0.375 | H4: =IFERROR(G4+$Y4,"OFF") -> 0.75 | I4: 0.375 | J4: =IFERROR(I4+$Y4,"OFF") -> 0.75 | K4: 0.375 | L4: =IFERROR(K4+$Y4,"OFF") -> 0.75 | M4: 0.375 | N4: =IFERROR(M4+$Y4,"OFF") -> 0.75 | O4: 0.375 | P4: =IFERROR(O4+$Y4,"OFF") -> 0.75 | Q4: OFF | R4: OFF | S4: OFF | T4: OFF | U4: =IFERROR(__xludf.DUMMYFUNCTION("TO_PURE_NUMBER(SUM(FILTER(G4:T4, ISEVEN(COLUMN(G4:T4))))-SUM(FILTER(G4:T4, ISODD(COLUMN(G4:T4)))))*24"),45) -> 45 | V4: {=_xlfn.XLOOKUP(A4,'WK 47'!A:A,'WK 47'!V:V,"")} -> 45 | W4: {=_xlfn.XLOOKUP(A4,'WK 47'!A:A,'WK 47'!AA:AA,"")} -> early | X4: =V4-U4 -> 0 | Y4: {=_xlfn.XLOOKUP(A4,'WK 45'!A:A,'WK 45'!X:X,"")} -> 0.375
A5: 10316683 | B5: Shahd Abdelaziz | C5: CSR | D5: Production | E5: {=_xlfn.XLOOKUP(A5,'Schedule Wk 47'!A:A,'Schedule Wk 47'!E:E,"")} -> FT | F5: {=_xlfn.XLOOKUP(A5,'Schedule Wk 47'!A:A,'Schedule Wk 47'!F:F,"")} -> 1 | G5: 0.375 | H5: =IFERROR(G5+$Y5,"OFF") -> 0.79166667 | I5: 0.375 | J5: =IFERROR(I5+$Y5,"OFF") -> 0.79166667 | K5: 0.375 | L5: =IFERROR(K5+$Y5,"OFF") -> 0.79166667 | M5: 0.375 | N5: =IFERROR(M5+$Y5,"OFF") -> 0.79166667 | O5: OFF | P5: OFF | Q5: OFF | R5: OFF | S5: 0.45833333 | T5: 0.66666667 | U5: =IFERROR(__xludf.DUMMYFUNCTION("TO_PURE_NUMBER(SUM(FILTER(G5:T5, ISEVEN(COLUMN(G5:T5))))-SUM(FILTER(G5:T5, ISODD(COLUMN(G5:T5)))))*24"),44.9999999999999) -> 45 | V5: {=_xlfn.XLOOKUP(A5,'WK 47'!A:A,'WK 47'!V:V,"")} -> 45 | W5: {=_xlfn.XLOOKUP(A5,'WK 47'!A:A,'WK 47'!AA:AA,"")} -> early | X5: =V5-U5 -> 9.9475983e-14 | Y5: {=_xlfn.XLOOKUP(A5,'WK 45'!A:A,'WK 45'!X:X,"")} -> 0.41666667
A6: 10320419 | B6: Salma Hassan | C6: CSR | D6: Production | E6: {=_xlfn.XLOOKUP(A6,'Schedule Wk 47'!A:A,'Schedule Wk 47'!E:E,"")} -> FT | F6: {=_xlfn.XLOOKUP(A6,'Schedule Wk 47'!A:A,'Schedule Wk 47'!F:F,"")} -> 3 | G6: OFF | H6: OFF | I6: 0.375 | J6: =IFERROR(I6+$Y6,"OFF") -> 0.79166667 | K6: 0.375 | L6: =IFERROR(K6+$Y6,"OFF") -> 0.79166667 | M6: 0.375 | N6: =IFERROR(M6+$Y6,"OFF") -> 0.79166667 | O6: 0.375 | P6: =IFERROR(O6+$Y6,"OFF") -> 0.79166667 | Q6: 0.45833333 | R6: 0.66666667 | S6: OFF | T6: OFF | U6: =IFERROR(__xludf.DUMMYFUNCTION("TO_PURE_NUMBER(SUM(FILTER(G6:T6, ISEVEN(COLUMN(G6:T6))))-SUM(FILTER(G6:T6, ISODD(COLUMN(G6:T6)))))*24"),44.9999999999999) -> 45 | V6: {=_xlfn.XLOOKUP(A6,'WK 47'!A:A,'WK 47'!V:V,"")} -> 45 | W6: {=_xlfn.XLOOKUP(A6,'WK 47'!A:A,'WK 47'!AA:AA,"")} -> early | X6: =V6-U6 -> 9.9475983e-14 | Y6: 0.41666667
A7: 10316572 | B7: Nadine Morsy | C7: CSR | D7: Production | E7: {=_xlfn.XLOOKUP(A7,'Schedule Wk 47'!A:A,'Schedule Wk 47'!E:E,"")} -> FT | F7: {=_xlfn.XLOOKUP(A7,'Schedule Wk 47'!A:A,'Schedule Wk 47'!F:F,"")} -> 2 | G7: 0.5 | H7: =IFERROR(G7+$Y7,"OFF") -> 0.875 | I7: 0.5 | J7: =IFERROR(I7+$Y7,"OFF") -> 0.875 | K7: 0.5 | L7: =IFERROR(K7+$Y7,"OFF") -> 0.875 | M7: 0.5 | N7: =IFERROR(M7+$Y7,"OFF") -> 0.875 | O7: 0.5 | P7: =IFERROR(O7+$Y7,"OFF") -> 0.875 | Q7: OFF | R7: OFF | S7: OFF | T7: OFF | U7: =IFERROR(__xludf.DUMMYFUNCTION("TO_PURE_NUMBER(SUM(FILTER(G7:T7, ISEVEN(COLUMN(G7:T7))))-SUM(FILTER(G7:T7, ISODD(COLUMN(G7:T7)))))*24"),45) -> 45 | V7: {=_xlfn.XLOOKUP(A7,'WK 47'!A:A,'WK 47'!V:V,"")} -> 45 | W7: {=_xlfn.XLOOKUP(A7,'WK 47'!A:A,'WK 47'!AA:AA,"")} -> late | X7: =V7-U7 -> 0 | Y7: {=_xlfn.XLOOKUP(A7,'WK 45'!A:A,'WK 45'!X:X,"")} -> 0.375
A8: 10316545 | B8: Nada Mosbah | C8: CSR | D8: Production | E8: {=_xlfn.XLOOKUP(A8,'Schedule Wk 47'!A:A,'Schedule Wk 47'!E:E,"")} -> FT | F8: {=_xlfn.XLOOKUP(A8,'Schedule Wk 47'!A:A,'Schedule Wk 47'!F:F,"")} -> 1 | G8: 0.375 | H8: 0.75 | I8: 0.375 | J8: 0.75 | K8: 0.375 | L8: 0.75 | M8: 0.375 | N8: 0.75 | O8: 0.375 | P8: 0.75 | Q8: OFF | R8: OFF | S8: OFF | T8: OFF | U8: =IFERROR(__xludf.DUMMYFUNCTION("TO_PURE_NUMBER(SUM(FILTER(G8:T8, ISEVEN(COLUMN(G8:T8))))-SUM(FILTER(G8:T8, ISODD(COLUMN(G8:T8)))))*24"),45) -> 45 | V8: {=_xlfn.XLOOKUP(A8,'WK 47'!A:A,'WK 47'!V:V,"")} -> 45 | W8: {=_xlfn.XLOOKUP(A8,'WK 47'!A:A,'WK 47'!AA:AA,"")} -> early | X8: =V8-U8 -> 0 | Y8: {=_xlfn.XLOOKUP(A8,'WK 45'!A:A,'WK 45'!X:X,"")} -> 0.41666667
A9: 10317517 | B9: Mariam Hanna | C9: CSR | D9: Production | E9: {=_xlfn.XLOOKUP(A9,'Schedule Wk 47'!A:A,'Schedule Wk 47'!E:E,"")} -> FT | F9: {=_xlfn.XLOOKUP(A9,'Schedule Wk 47'!A:A,'Schedule Wk 47'!F:F,"")} -> 2 | G9: 0.375 | H9: 0.79166667 | I9: 0.375 | J9: 0.79166667 | K9: 0.375 | L9: 0.79166667 | M9: 0.375 | N9: 0.79166667 | O9: OFF | P9: OFF | Q9: OFF | R9: OFF | S9: 0.45833333 | T9: 0.66666667 | U9: =IFERROR(__xludf.DUMMYFUNCTION("TO_PURE_NUMBER(SUM(FILTER(G9:T9, ISEVEN(COLUMN(G9:T9))))-SUM(FILTER(G9:T9, ISODD(COLUMN(G9:T9)))))*24"),44.9999999999999) -> 45 | V9: {=_xlfn.XLOOKUP(A9,'WK 47'!A:A,'WK 47'!V:V,"")} -> 45 | W9: {=_xlfn.XLOOKUP(A9,'WK 47'!A:A,'WK 47'!AA:AA,"")} -> early | X9: =V9-U9 -> 9.9475983e-14 | Y9: {=_xlfn.XLOOKUP(A9,'WK 45'!A:A,'WK 45'!X:X,"")} -> 0.375
A10: 10317521 | B10: Mariam Gadalkarim | C10: CSR | D10: Production | E10: {=_xlfn.XLOOKUP(A10,'Schedule Wk 47'!A:A,'Schedule Wk 47'!E:E,"")} -> FT | F10: {=_xlfn.XLOOKUP(A10,'Schedule Wk 47'!A:A,'Schedule Wk 47'!F:F,"")} -> 2 | G10: 0.375 | H10: 0.75 | I10: 0.375 | J10: 0.75 | K10: 0.375 | L10: 0.75 | M10: 0.375 | N10: 0.75 | O10: 0.375 | P10: 0.75 | Q10: OFF | R10: OFF | S10: OFF | T10: OFF | U10: =IFERROR(__xludf.DUMMYFUNCTION("TO_PURE_NUMBER(SUM(FILTER(G10:T10, ISEVEN(COLUMN(G10:T10))))-SUM(FILTER(G10:T10, ISODD(COLUMN(G10:T10)))))*24"),45) -> 45 | V10: {=_xlfn.XLOOKUP(A10,'WK 47'!A:A,'WK 47'!V:V,"")} -> 45 | W10: {=_xlfn.XLOOKUP(A10,'WK 47'!A:A,'WK 47'!AA:AA,"")} -> early | X10: =V10-U10 -> 0 | Y10: {=_xlfn.XLOOKUP(A10,'WK 45'!A:A,'WK 45'!X:X,"")} -> 0.375
A11: 10316680 | B11: Hesham Hussien | C11: CSR | D11: Production | E11: {=_xlfn.XLOOKUP(A11,'Schedule Wk 47'!A:A,'Schedule Wk 47'!E:E,"")} -> FT | F11: {=_xlfn.XLOOKUP(A11,'Schedule Wk 47'!A:A,'Schedule Wk 47'!F:F,"")} -> 1 | G11: OFF | H11: OFF | I11: 0.45833333 | J11: 0.875 | K11: 0.45833333 | L11: 0.875 | M11: 0.45833333 | N11: 0.875 | O11: 0.45833333 | P11: 0.875 | Q11: 0.45833333 | R11: 0.66666667 | S11: OFF | T11: OFF | U11: =IFERROR(__xludf.DUMMYFUNCTION("TO_PURE_NUMBER(SUM(FILTER(G11:T11, ISEVEN(COLUMN(G11:T11))))-SUM(FILTER(G11:T11, ISODD(COLUMN(G11:T11)))))*24"),45) -> 45 | V11: {=_xlfn.XLOOKUP(A11,'WK 47'!A:A,'WK 47'!V:V,"")} -> 45 | W11: {=_xlfn.XLOOKUP(A11,'WK 47'!A:A,'WK 47'!AA:AA,"")} -> late | X11: =V11-U11 -> 0 | Y11: {=_xlfn.XLOOKUP(A11,'WK 45'!A:A,'WK 45'!X:X,"")} -> 0.41666667
A12: 10320416 | B12: Hana Jankiz | C12: CSR | D12: Production | E12: {=_xlfn.XLOOKUP(A12,'Schedule Wk 47'!A:A,'Schedule Wk 47'!E:E,"")} -> FT | F12: {=_xlfn.XLOOKUP(A12,'Schedule Wk 47'!A:A,'Schedule Wk 47'!F:F,"")} -> 3 | G12: OFF | H12: OFF | I12: 0.375 | J12: 0.79166667 | K12: 0.375 | L12: 0.79166667 | M12: 0.375 | N12: 0.79166667 | O12: 0.375 | P12: 0.79166667 | Q12: 0.45833333 | R12: 0.66666667 | S12: OFF | T12: OFF | U12: =IFERROR(__xludf.DUMMYFUNCTION("TO_PURE_NUMBER(SUM(FILTER(G12:T12, ISEVEN(COLUMN(G12:T12))))-SUM(FILTER(G12:T12, ISODD(COLUMN(G12:T12)))))*24"),44.9999999999999) -> 45 | V12: {=_xlfn.XLOOKUP(A12,'WK 47'!A:A,'WK 47'!V:V,"")} -> 45 | W12: {=_xlfn.XLOOKUP(A12,'WK 47'!A:A,'WK 47'!AA:AA,"")} -> early | X12: =V12-U12 -> 9.9475983e-14 | Y12: {=_xlfn.XLOOKUP(A12,'WK 45'!A:A,'WK 45'!X:X,"")}
A13: 10316650 | B13: Hana Afifi | C13: CSR | D13: Production | E13: {=_xlfn.XLOOKUP(A13,'Schedule Wk 47'!A:A,'Schedule Wk 47'!E:E,"")} -> FT | F13: {=_xlfn.XLOOKUP(A13,'Schedule Wk 47'!A:A,'Schedule Wk 47'!F:F,"")} -> 2 | G13: 0.5 | H13: 0.875 | I13: 0.5 | J13: 0.875 | K13: 0.5 | L13: 0.875 | M13: 0.5 | N13: 0.875 | O13: 0.5 | P13: 0.875 | Q13: OFF | R13: OFF | S13: OFF | T13: OFF | U13: =IFERROR(__xludf.DUMMYFUNCTION("TO_PURE_NUMBER(SUM(FILTER(G13:T13, ISEVEN(COLUMN(G13:T13))))-SUM(FILTER(G13:T13, ISODD(COLUMN(G13:T13)))))*24"),45) -> 45 | V13: {=_xlfn.XLOOKUP(A13,'WK 47'!A:A,'WK 47'!V:V,"")} -> 45 | W13: {=_xlfn.XLOOKUP(A13,'WK 47'!A:A,'WK 47'!AA:AA,"")} -> early | X13: =V13-U13 -> 0 | Y13: {=_xlfn.XLOOKUP(A13,'WK 45'!A:A,'WK 45'!X:X,"")} -> 0.375
A14: 10317520 | B14: Farida Gadalkarim | C14: CSR | D14: Production | E14: {=_xlfn.XLOOKUP(A14,'Schedule Wk 47'!A:A,'Schedule Wk 47'!E:E,"")} -> FT | F14: {=_xlfn.XLOOKUP(A14,'Schedule Wk 47'!A:A,'Schedule Wk 47'!F:F,"")} -> 2 | G14: 0.375 | H14: 0.75 | I14: 0.375 | J14: 0.75 | K14: 0.375 | L14: 0.75 | M14: 0.375 | N14: 0.75 | O14: 0.375 | P14: 0.75 | Q14: OFF | R14: OFF | S14: OFF | T14: OFF | U14: =IFERROR(__xludf.DUMMYFUNCTION("TO_PURE_NUMBER(SUM(FILTER(G14:T14, ISEVEN(COLUMN(G14:T14))))-SUM(FILTER(G14:T14, ISODD(COLUMN(G14:T14)))))*24"),45) -> 45 | V14: {=_xlfn.XLOOKUP(A14,'WK 47'!A:A,'WK 47'!V:V,"")} -> 45 | W14: {=_xlfn.XLOOKUP(A14,'WK 47'!A:A,'WK 47'!AA:AA,"")} -> early | X14: =V14-U14 -> 0 | Y14: {=_xlfn.XLOOKUP(A14,'WK 45'!A:A,'WK 45'!X:X,"")} -> 0.375
A15: 10317147 | B15: Asalla Metwally | C15: CSR | D15: Production | E15: {=_xlfn.XLOOKUP(A15,'Schedule Wk 47'!A:A,'Schedule Wk 47'!E:E,"")} -> FT | F15: {=_xlfn.XLOOKUP(A15,'Schedule Wk 47'!A:A,'Schedule Wk 47'!F:F,"")} -> 1 | G15: OFF | H15: OFF | I15: 0.45833333 | J15: 0.875 | K15: 0.45833333 | L15: 0.875 | M15: 0.45833333 | N15: 0.875 | O15: 0.45833333 | P15: 0.875 | Q15: 0.45833333 | R15: 0.66666667 | S15: OFF | T15: OFF | U15: =IFERROR(__xludf.DUMMYFUNCTION("TO_PURE_NUMBER(SUM(FILTER(G15:T15, ISEVEN(COLUMN(G15:T15))))-SUM(FILTER(G15:T15, ISODD(COLUMN(G15:T15)))))*24"),45) -> 45 | V15: {=_xlfn.XLOOKUP(A15,'WK 47'!A:A,'WK 47'!V:V,"")} -> 45 | W15: {=_xlfn.XLOOKUP(A15,'WK 47'!A:A,'WK 47'!AA:AA,"")} -> early | X15: =V15-U15 -> 0 | Y15: {=_xlfn.XLOOKUP(A15,'WK 45'!A:A,'WK 45'!X:X,"")} -> 0.41666667
A16: 10320413 | B16: Alaa Abdulshafi | C16: CSR | D16: Production | E16: {=_xlfn.XLOOKUP(A16,'Schedule Wk 47'!A:A,'Schedule Wk 47'!E:E,"")} -> FT | F16: {=_xlfn.XLOOKUP(A16,'Schedule Wk 47'!A:A,'Schedule Wk 47'!F:F,"")} -> 3 | G16: OFF | H16: OFF | I16: 0.375 | J16: 0.79166667 | K16: 0.375 | L16: 0.79166667 | M16: 0.375 | N16: 0.79166667 | O16: 0.375 | P16: 0.79166667 | Q16: 0.45833333 | R16: 0.66666667 | S16: OFF | T16: OFF | U16: =IFERROR(__xludf.DUMMYFUNCTION("TO_PURE_NUMBER(SUM(FILTER(G16:T16, ISEVEN(COLUMN(G16:T16))))-SUM(FILTER(G16:T16, ISODD(COLUMN(G16:T16)))))*24"),44.9999999999999) -> 45 | V16: {=_xlfn.XLOOKUP(A16,'WK 47'!A:A,'WK 47'!V:V,"")} -> 45 | W16: {=_xlfn.XLOOKUP(A16,'WK 47'!A:A,'WK 47'!AA:AA,"")} -> early | X16: =V16-U16 -> 9.9475983e-14 | Y16: {=_xlfn.XLOOKUP(A16,'WK 45'!A:A,'WK 45'!X:X,"")}
A17: 10317522 | B17: Ahmed Hisham | C17: CSR | D17: Production | E17: {=_xlfn.XLOOKUP(A17,'Schedule Wk 47'!A:A,'Schedule Wk 47'!E:E,"")} -> FT | F17: {=_xlfn.XLOOKUP(A17,'Schedule Wk 47'!A:A,'Schedule Wk 47'!F:F,"")} -> 2 | G17: OFF | H17: OFF | I17: 0.45833333 | J17: 0.875 | K17: 0.45833333 | L17: 0.875 | M17: 0.45833333 | N17: 0.875 | O17: 0.45833333 | P17: 0.875 | Q17: 0.45833333 | R17: 0.66666667 | S17: OFF | T17: OFF | U17: =IFERROR(__xludf.DUMMYFUNCTION("TO_PURE_NUMBER(SUM(FILTER(G17:T17, ISEVEN(COLUMN(G17:T17))))-SUM(FILTER(G17:T17, ISODD(COLUMN(G17:T17)))))*24"),45) -> 45 | V17: {=_xlfn.XLOOKUP(A17,'WK 47'!A:A,'WK 47'!V:V,"")} -> 45 | W17: {=_xlfn.XLOOKUP(A17,'WK 47'!A:A,'WK 47'!AA:AA,"")} -> late | X17: =V17-U17 -> 0 | Y17: {=_xlfn.XLOOKUP(A17,'WK 45'!A:A,'WK 45'!X:X,"")} -> 0.375
A18: 10317151 | B18: Youssef Shokry | C18: CSR | D18: B2B | E18: {=_xlfn.XLOOKUP(A18,'Schedule Wk 47'!A:A,'Schedule Wk 47'!E:E,"")} -> FT | F18: {=_xlfn.XLOOKUP(A18,'Schedule Wk 47'!A:A,'Schedule Wk 47'!F:F,"")} -> 1 | G18: 0.375 | H18: 0.75 | I18: 0.375 | J18: 0.75 | K18: 0.375 | L18: 0.75 | M18: 0.375 | N18: 0.75 | O18: 0.375 | P18: 0.75 | Q18: OFF | R18: OFF | S18: OFF | T18: OFF | U18: =IFERROR(__xludf.DUMMYFUNCTION("TO_PURE_NUMBER(SUM(FILTER(G18:T18, ISEVEN(COLUMN(G18:T18))))-SUM(FILTER(G18:T18, ISODD(COLUMN(G18:T18)))))*24"),45) -> 45 | V18: {=_xlfn.XLOOKUP(A18,'WK 47'!A:A,'WK 47'!V:V,"")} -> 45 | W18: {=_xlfn.XLOOKUP(A18,'WK 47'!A:A,'WK 47'!AA:AA,"")} -> early | X18: =V18-U18 -> 0 | Y18: {=_xlfn.XLOOKUP(A18,'WK 45'!A:A,'WK 45'!X:X,"")} -> 0.41666667
A19: 10320409 | B19: Youssef Eltokhy | C19: CSR | D19: Production | E19: {=_xlfn.XLOOKUP(A19,'Schedule Wk 47'!A:A,'Schedule Wk 47'!E:E,"")} -> FT | F19: {=_xlfn.XLOOKUP(A19,'Schedule Wk 47'!A:A,'Schedule Wk 47'!F:F,"")} -> 3 | G19: 0.375 | H19: 0.75 | I19: 0.375 | J19: 0.75 | K19: 0.375 | L19: 0.75 | M19: 0.375 | N19: 0.75 | O19: 0.375 | P19: 0.75 | Q19: OFF | R19: OFF | S19: OFF | T19: OFF | U19: =IFERROR(__xludf.DUMMYFUNCTION("TO_PURE_NUMBER(SUM(FILTER(G19:T19, ISEVEN(COLUMN(G19:T19))))-SUM(FILTER(G19:T19, ISODD(COLUMN(G19:T19)))))*24"),45) -> 45 | V19: {=_xlfn.XLOOKUP(A19,'WK 47'!A:A,'WK 47'!V:V,"")} -> 45 | W19: {=_xlfn.XLOOKUP(A19,'WK 47'!A:A,'WK 47'!AA:AA,"")} -> early | X19: =V19-U19 -> 0 | Y19: {=_xlfn.XLOOKUP(A19,'WK 45'!A:A,'WK 45'!X:X,"")}
A20: 10293627 | B20: Yassin shaker | C20: CSR | D20: Production | E20: {=_xlfn.XLOOKUP(A20,'Schedule Wk 47'!A:A,'Schedule Wk 47'!E:E,"")} -> FT | F20: {=_xlfn.XLOOKUP(A20,'Schedule Wk 47'!A:A,'Schedule Wk 47'!F:F,"")} -> 3 | G20: 0.375 | H20: 0.75 | I20: 0.375 | J20: 0.75 | K20: 0.375 | L20: 0.75 | M20: 0.375 | N20: 0.75 | O20: 0.375 | P20: 0.75 | Q20: OFF | R20: OFF | S20: OFF | T20: OFF | U20: =IFERROR(__xludf.DUMMYFUNCTION("TO_PURE_NUMBER(SUM(FILTER(G20:T20, ISEVEN(COLUMN(G20:T20))))-SUM(FILTER(G20:T20, ISODD(COLUMN(G20:T20)))))*24"),45) -> 45 | V20: {=_xlfn.XLOOKUP(A20,'WK 47'!A:A,'WK 47'!V:V,"")} -> 45 | W20: {=_xlfn.XLOOKUP(A20,'WK 47'!A:A,'WK 47'!AA:AA,"")} -> early | X20: =V20-U20 -> 0 | Y20: 0.41666667
A21: 10316540 | B21: Wafaa Elnaby | C21: CSR | D21: B2B | E21: {=_xlfn.XLOOKUP(A21,'Schedule Wk 47'!A:A,'Schedule Wk 47'!E:E,"")} -> FT | F21: {=_xlfn.XLOOKUP(A21,'Schedule Wk 47'!A:A,'Schedule Wk 47'!F:F,"")} -> 1 | G21: 0.375 | H21: 0.75 | I21: 0.375 | J21: 0.75 | K21: 0.375 | L21: 0.75 | M21: 0.375 | N21: 0.75 | O21: 0.375 | P21: 0.75 | Q21: OFF | R21: OFF | S21: OFF | T21: OFF | U21: =IFERROR(__xludf.DUMMYFUNCTION("TO_PURE_NUMBER(SUM(FILTER(G21:T21, ISEVEN(COLUMN(G21:T21))))-SUM(FILTER(G21:T21, ISODD(COLUMN(G21:T21)))))*24"),45) -> 45 | V21: {=_xlfn.XLOOKUP(A21,'WK 47'!A:A,'WK 47'!V:V,"")} -> 45 | W21: {=_xlfn.XLOOKUP(A21,'WK 47'!A:A,'WK 47'!AA:AA,"")} -> late | X21: =V21-U21 -> 0 | Y21: {=_xlfn.XLOOKUP(A21,'WK 45'!A:A,'WK 45'!X:X,"")} -> 0.41666667
A22: 10320435 | B22: Seifeldin Hassan | C22: CSR | D22: Production | E22: {=_xlfn.XLOOKUP(A22,'Schedule Wk 47'!A:A,'Schedule Wk 47'!E:E,"")} -> FT | F22: {=_xlfn.XLOOKUP(A22,'Schedule Wk 47'!A:A,'Schedule Wk 47'!F:F,"")} -> 3 | G22: 0.375 | H22: 0.75 | I22: 0.375 | J22: 0.75 | K22: 0.375 | L22: 0.75 | M22: 0.375 | N22: 0.75 | O22: 0.375 | P22: 0.75 | Q22: OFF | R22: OFF | S22: OFF | T22: OFF | U22: =IFERROR(__xludf.DUMMYFUNCTION("TO_PURE_NUMBER(SUM(FILTER(G22:T22, ISEVEN(COLUMN(G22:T22))))-SUM(FILTER(G22:T22, ISODD(COLUMN(G22:T22)))))*24"),45) -> 45 | V22: {=_xlfn.XLOOKUP(A22,'WK 47'!A:A,'WK 47'!V:V,"")} -> 45 | W22: {=_xlfn.XLOOKUP(A22,'WK 47'!A:A,'WK 47'!AA:AA,"")} -> early | X22: =V22-U22 -> 0 | Y22: {=_xlfn.XLOOKUP(A22,'WK 45'!A:A,'WK 45'!X:X,"")}
A23: 10316551 | B23: Salma Salah | C23: CSR | D23: Production | E23: {=_xlfn.XLOOKUP(A23,'Schedule Wk 47'!A:A,'Schedule Wk 47'!E:E,"")} -> FT | F23: {=_xlfn.XLOOKUP(A23,'Schedule Wk 47'!A:A,'Schedule Wk 47'!F:F,"")} -> 1 | G23: 0.5 | H23: 0.875 | I23: 0.5 | J23: 0.875 | K23: OFF | L23: OFF | M23: OFF | N23: OFF | O23: 0.5 | P23: 0.875 | Q23: 0.45833333 | R23: 0.66666667 | S23: 0.45833333 | T23: 0.66666667 | U23: =IFERROR(__xludf.DUMMYFUNCTION("TO_PURE_NUMBER(SUM(FILTER(G23:T23, ISEVEN(COLUMN(G23:T23))))-SUM(FILTER(G23:T23, ISODD(COLUMN(G23:T23)))))*24"),37) -> 37 | V23: {=_xlfn.XLOOKUP(A23,'WK 47'!A:A,'WK 47'!V:V,"")} -> 45 | W23: {=_xlfn.XLOOKUP(A23,'WK 47'!A:A,'WK 47'!AA:AA,"")} -> early | X23: =V23-U23 -> 8 | Y23: 0.41666667
A24: 10316546 | B24: Salma Majed | C24: CSR | D24: Production | E24: {=_xlfn.XLOOKUP(A24,'Schedule Wk 47'!A:A,'Schedule Wk 47'!E:E,"")} -> FT | F24: {=_xlfn.XLOOKUP(A24,'Schedule Wk 47'!A:A,'Schedule Wk 47'!F:F,"")} -> 1 | G24: 0.5 | H24: 0.875 | I24: 0.5 | J24: 0.875 | K24: 0.5 | L24: 0.875 | M24: OFF | N24: OFF | O24: OFF | P24: OFF | Q24: 0.45833333 | R24: 0.66666667 | S24: 0.45833333 | T24: 0.66666667 | U24: =IFERROR(__xludf.DUMMYFUNCTION("TO_PURE_NUMBER(SUM(FILTER(G24:T24, ISEVEN(COLUMN(G24:T24))))-SUM(FILTER(G24:T24, ISODD(COLUMN(G24:T24)))))*24"),37) -> 37 | V24: 37 | W24: {=_xlfn.XLOOKUP(A24,'WK 47'!A:A,'WK 47'!AA:AA,"")} -> early | X24: =V24-U24 -> 0 | Y24: 0.375
A25: 10276839 | B25: Reem Alaa | C25: CSR | D25: Production | E25: {=_xlfn.XLOOKUP(A25,'Schedule Wk 47'!A:A,'Schedule Wk 47'!E:E,"")} -> FT | F25: {=_xlfn.XLOOKUP(A25,'Schedule Wk 47'!A:A,'Schedule Wk 47'!F:F,"")} -> 2 | G25: 0.375 | H25: 0.79166667 | I25: 0.375 | J25: 0.79166667 | K25: 0.375 | L25: 0.79166667 | M25: 0.375 | N25: 0.79166667 | O25: OFF | P25: OFF | Q25: OFF | R25: OFF | S25: 0.45833333 | T25: 0.66666667 | U25: =IFERROR(__xludf.DUMMYFUNCTION("TO_PURE_NUMBER(SUM(FILTER(G25:T25, ISEVEN(COLUMN(G25:T25))))-SUM(FILTER(G25:T25, ISODD(COLUMN(G25:T25)))))*24"),44.9999999999999) -> 45 | V25: {=_xlfn.XLOOKUP(A25,'WK 47'!A:A,'WK 47'!V:V,"")} -> 45 | W25: {=_xlfn.XLOOKUP(A25,'WK 47'!A:A,'WK 47'!AA:AA,"")} -> early | X25: =V25-U25 -> 9.9475983e-14 | Y25: {=_xlfn.XLOOKUP(A25,'WK 45'!A:A,'WK 45'!X:X,"")} -> 0.375
A26: 10274446 | B26: Omar Emad | C26: CSR | D26: Production | E26: {=_xlfn.XLOOKUP(A26,'Schedule Wk 47'!A:A,'Schedule Wk 47'!E:E,"")} -> FT | F26: {=_xlfn.XLOOKUP(A26,'Schedule Wk 47'!A:A,'Schedule Wk 47'!F:F,"")} -> 2 | G26: 0.5 | H26: 0.875 | I26: OFF | J26: OFF | K26: OFF | L26: OFF | M26: 0.5 | N26: 0.875 | O26: 0.5 | P26: 0.875 | Q26: 0.45833333 | R26: 0.66666667 | S26: 0.45833333 | T26: 0.66666667 | U26: =IFERROR(__xludf.DUMMYFUNCTION("TO_PURE_NUMBER(SUM(FILTER(G26:T26, ISEVEN(COLUMN(G26:T26))))-SUM(FILTER(G26:T26, ISODD(COLUMN(G26:T26)))))*24"),37) -> 37 | V26: 37 | W26: {=_xlfn.XLOOKUP(A26,'WK 47'!A:A,'WK 47'!AA:AA,"")} -> late | X26: =V26-U26 -> 0 | Y26: 0.375
A27: 10316685 | B27: Nouran Noby | C27: Esc Mgr | D27: Production | E27: {=_xlfn.XLOOKUP(A27,'Schedule Wk 47'!A:A,'Schedule Wk 47'!E:E,"")} -> FT | F27: {=_xlfn.XLOOKUP(A27,'Schedule Wk 47'!A:A,'Schedule Wk 47'!F:F,"")} -> 1 | G27: 0.375 | H27: 0.75 | I27: 0.375 | J27: 0.75 | K27: 0.375 | L27: 0.75 | M27: 0.375 | N27: 0.75 | O27: 0.375 | P27: 0.75 | Q27: OFF | R27: OFF | S27: OFF | T27: OFF | U27: =IFERROR(__xludf.DUMMYFUNCTION("TO_PURE_NUMBER(SUM(FILTER(G27:T27, ISEVEN(COLUMN(G27:T27))))-SUM(FILTER(G27:T27, ISODD(COLUMN(G27:T27)))))*24"),45) -> 45 | V27: {=_xlfn.XLOOKUP(A27,'WK 47'!A:A,'WK 47'!V:V,"")} -> 45 | W27: {=_xlfn.XLOOKUP(A27,'WK 47'!A:A,'WK 47'!AA:AA,"")} -> late | X27: =V27-U27 -> 0 | Y27: {=_xlfn.XLOOKUP(A27,'WK 45'!A:A,'WK 45'!X:X,"")} -> 0.41666667
A28: 10293607 | B28: Mohamed Hassan | C28: CSR | D28: Production | E28: {=_xlfn.XLOOKUP(A28,'Schedule Wk 47'!A:A,'Schedule Wk 47'!E:E,"")} -> FT | F28: {=_xlfn.XLOOKUP(A28,'Schedule Wk 47'!A:A,'Schedule Wk 47'!F:F,"")} -> 3 | G28: 0.375 | H28: 0.75 | I28: 0.375 | J28: 0.75 | K28: 0.375 | L28: 0.75 | M28: 0.375 | N28: 0.75 | O28: 0.375 | P28: 0.75 | Q28: OFF | R28: OFF | S28: OFF | T28: OFF | U28: =IFERROR(__xludf.DUMMYFUNCTION("TO_PURE_NUMBER(SUM(FILTER(G28:T28, ISEVEN(COLUMN(G28:T28))))-SUM(FILTER(G28:T28, ISODD(COLUMN(G28:T28)))))*24"),45) -> 45 | V28: {=_xlfn.XLOOKUP(A28,'WK 47'!A:A,'WK 47'!V:V,"")} -> 45 | W28: {=_xlfn.XLOOKUP(A28,'WK 47'!A:A,'WK 47'!AA:AA,"")} -> early | X28: =V28-U28 -> 0 | Y28: {=_xlfn.XLOOKUP(A28,'WK 45'!A:A,'WK 45'!X:X,"")}
A29: 10316538 | B29: Mohamed Abdelrahman | C29: CSR | D29: Production | E29: {=_xlfn.XLOOKUP(A29,'Schedule Wk 47'!A:A,'Schedule Wk 47'!E:E,"")} -> FT | F29: {=_xlfn.XLOOKUP(A29,'Schedule Wk 47'!A:A,'Schedule Wk 47'!F:F,"")} -> 1 | G29: 0.5 | H29: 0.875 | I29: 0.5 | J29: 0.875 | K29: OFF | L29: OFF | M29: OFF | N29: OFF | O29: 0.5 | P29: 0.875 | Q29: 0.45833333 | R29: 0.66666667 | S29: 0.45833333 | T29: 0.66666667 | U29: =IFERROR(__xludf.DUMMYFUNCTION("TO_PURE_NUMBER(SUM(FILTER(G29:T29, ISEVEN(COLUMN(G29:T29))))-SUM(FILTER(G29:T29, ISODD(COLUMN(G29:T29)))))*24"),37) -> 37 | V29: {=_xlfn.XLOOKUP(A29,'WK 47'!A:A,'WK 47'!V:V,"")} -> 37 | W29: {=_xlfn.XLOOKUP(A29,'WK 47'!A:A,'WK 47'!AA:AA,"")} -> late | X29: =V29-U29 -> 0 | Y29: {=_xlfn.XLOOKUP(A29,'WK 45'!A:A,'WK 45'!X:X,"")} -> 0.41666667
A30: 10320436 | B30: Mazen Shoukry | C30: CSR | D30: Production | E30: {=_xlfn.XLOOKUP(A30,'Schedule Wk 47'!A:A,'Schedule Wk 47'!E:E,"")} -> FT | F30: {=_xlfn.XLOOKUP(A30,'Schedule Wk 47'!A:A,'Schedule Wk 47'!F:F,"")} -> 3 | G30: 0.375 | H30: 0.75 | I30: 0.375 | J30: 0.75 | K30: 0.375 | L30: 0.75 | M30: 0.375 | N30: 0.75 | O30: 0.375 | P30: 0.75 | Q30: OFF | R30: OFF | S30: OFF | T30: OFF | U30: =IFERROR(__xludf.DUMMYFUNCTION("TO_PURE_NUMBER(SUM(FILTER(G30:T30, ISEVEN(COLUMN(G30:T30))))-SUM(FILTER(G30:T30, ISODD(COLUMN(G30:T30)))))*24"),45) -> 45 | V30: {=_xlfn.XLOOKUP(A30,'WK 47'!A:A,'WK 47'!V:V,"")} -> 45 | W30: {=_xlfn.XLOOKUP(A30,'WK 47'!A:A,'WK 47'!AA:AA,"")} -> early | X30: =V30-U30 -> 0 | Y30: {=_xlfn.XLOOKUP(A30,'WK 45'!A:A,'WK 45'!X:X,"")}
A31: 10317154 | B31: Mazen Elramlawy | C31: CSR | D31: Production | E31: {=_xlfn.XLOOKUP(A31,'Schedule Wk 47'!A:A,'Schedule Wk 47'!E:E,"")} -> FT | F31: {=_xlfn.XLOOKUP(A31,'Schedule Wk 47'!A:A,'Schedule Wk 47'!F:F,"")} -> 3 | G31: 0.375 | H31: 0.75 | I31: 0.375 | J31: 0.75 | K31: 0.375 | L31: 0.75 | M31: 0.375 | N31: 0.75 | O31: 0.375 | P31: 0.75 | Q31: OFF | R31: OFF | S31: OFF | T31: OFF | U31: =IFERROR(__xludf.DUMMYFUNCTION("TO_PURE_NUMBER(SUM(FILTER(G31:T31, ISEVEN(COLUMN(G31:T31))))-SUM(FILTER(G31:T31, ISODD(COLUMN(G31:T31)))))*24"),45) -> 45 | V31: {=_xlfn.XLOOKUP(A31,'WK 47'!A:A,'WK 47'!V:V,"")} -> 45 | W31: {=_xlfn.XLOOKUP(A31,'WK 47'!A:A,'WK 47'!AA:AA,"")} -> early | X31: =V31-U31 -> 0 | Y31: {=_xlfn.XLOOKUP(A31,'WK 45'!A:A,'WK 45'!X:X,"")}
A32: 10320417 | B32: Marwa Nofal | C32: CSR | D32: Production | E32: {=_xlfn.XLOOKUP(A32,'Schedule Wk 47'!A:A,'Schedule Wk 47'!E:E,"")} -> FT | F32: {=_xlfn.XLOOKUP(A32,'Schedule Wk 47'!A:A,'Schedule Wk 47'!F:F,"")} -> 3 | G32: 0.375 | H32: 0.75 | I32: 0.375 | J32: 0.75 | K32: 0.375 | L32: 0.75 | M32: 0.375 | N32: 0.75 | O32: 0.375 | P32: 0.75 | Q32: OFF | R32: OFF | S32: OFF | T32: OFF | U32: =IFERROR(__xludf.DUMMYFUNCTION("TO_PURE_NUMBER(SUM(FILTER(G32:T32, ISEVEN(COLUMN(G32:T32))))-SUM(FILTER(G32:T32, ISODD(COLUMN(G32:T32)))))*24"),45) -> 45 | V32: {=_xlfn.XLOOKUP(A32,'WK 47'!A:A,'WK 47'!V:V,"")} -> 45 | W32: {=_xlfn.XLOOKUP(A32,'WK 47'!A:A,'WK 47'!AA:AA,"")} -> early | X32: =V32-U32 -> 0 | Y32: 0.20833333
A33: 10320407 | B33: Marleen Francis | C33: CSR | D33: Production | E33: {=_xlfn.XLOOKUP(A33,'Schedule Wk 47'!A:A,'Schedule Wk 47'!E:E,"")} -> FT | F33: {=_xlfn.XLOOKUP(A33,'Schedule Wk 47'!A:A,'Schedule Wk 47'!F:F,"")} -> 3 | G33: 0.375 | H33: 0.75 | I33: 0.375 | J33: 0.75 | K33: 0.375 | L33: 0.75 | M33: 0.375 | N33: 0.75 | O33: 0.375 | P33: 0.75 | Q33: OFF | R33: OFF | S33: OFF | T33: OFF | U33: =IFERROR(__xludf.DUMMYFUNCTION("TO_PURE_NUMBER(SUM(FILTER(G33:T33, ISEVEN(COLUMN(G33:T33))))-SUM(FILTER(G33:T33, ISODD(COLUMN(G33:T33)))))*24"),45) -> 45 | V33: {=_xlfn.XLOOKUP(A33,'WK 47'!A:A,'WK 47'!V:V,"")} -> 45 | W33: {=_xlfn.XLOOKUP(A33,'WK 47'!A:A,'WK 47'!AA:AA,"")} -> early | X33: =V33-U33 -> 0 | Y33: {=_xlfn.XLOOKUP(A33,Pref!A:A,Pref!E:E,"")} -> 10 hours (4 weekdays) + 5 hours (1 weekends) (45hrs/Week)
A34: 10252106 | B34: Marinass Elhusseni | C34: CSR | D34: Production | E34: {=_xlfn.XLOOKUP(A34,'Schedule Wk 47'!A:A,'Schedule Wk 47'!E:E,"")} -> FT | F34: {=_xlfn.XLOOKUP(A34,'Schedule Wk 47'!A:A,'Schedule Wk 47'!F:F,"")} -> 2 | G34: OFF | H34: OFF | I34: 0.375 | J34: 0.75 | K34: OFF | L34: OFF | M34: 0.375 | N34: 0.75 | O34: 0.375 | P34: 0.75 | Q34: 0.45833333 | R34: 0.66666667 | S34: 0.45833333 | T34: 0.66666667 | U34: =IFERROR(__xludf.DUMMYFUNCTION("TO_PURE_NUMBER(SUM(FILTER(G34:T34, ISEVEN(COLUMN(G34:T34))))-SUM(FILTER(G34:T34, ISODD(COLUMN(G34:T34)))))*24"),37) -> 37 | V34: {=_xlfn.XLOOKUP(A34,'WK 47'!A:A,'WK 47'!V:V,"")} -> 37 | W34: {=_xlfn.XLOOKUP(A34,'WK 47'!A:A,'WK 47'!AA:AA,"")} -> early | X34: =V34-U34 -> 0 | Y34: 0.375
A35: 10317153 | B35: Mahmoud Abdelaziz | C35: CSR | D35: Production | E35: {=_xlfn.XLOOKUP(A35,'Schedule Wk 47'!A:A,'Schedule Wk 47'!E:E,"")} -> FT | F35: {=_xlfn.XLOOKUP(A35,'Schedule Wk 47'!A:A,'Schedule Wk 47'!F:F,"")} -> 1 | G35: OFF | H35: OFF | I35: 0.375 | J35: 0.75 | K35: 0.375 | L35: 0.75 | M35: 0.375 | N35: 0.75 | O35: 0.375 | P35: 0.79166667 | Q35: 0.45833333 | R35: 0.66666667 | S35: OFF | T35: OFF | U35: =IFERROR(__xludf.DUMMYFUNCTION("TO_PURE_NUMBER(SUM(FILTER(G35:T35, ISEVEN(COLUMN(G35:T35))))-SUM(FILTER(G35:T35, ISODD(COLUMN(G35:T35)))))*24"),41.9999999999999) -> 42 | V35: {=_xlfn.XLOOKUP(A35,'WK 47'!A:A,'WK 47'!V:V,"")} -> 45 | W35: {=_xlfn.XLOOKUP(A35,'WK 47'!A:A,'WK 47'!AA:AA,"")} -> early | X35: =V35-U35 -> 3 | Y35: 0.41666667
A36: 10316543 | B36: Khaled Zaafarany | C36: CSR | D36: Production | E36: {=_xlfn.XLOOKUP(A36,'Schedule Wk 47'!A:A,'Schedule Wk 47'!E:E,"")} -> FT | F36: {=_xlfn.XLOOKUP(A36,'Schedule Wk 47'!A:A,'Schedule Wk 47'!F:F,"")} -> 1 | G36: 0.45833333 | H36: 0.875 | I36: 0.45833333 | J36: 0.875 | K36: 0.45833333 | L36: 0.875 | M36: 0.45833333 | N36: 0.875 | O36: OFF | P36: OFF | Q36: OFF | R36: OFF | S36: 0.45833333 | T36: 0.66666667 | U36: =IFERROR(__xludf.DUMMYFUNCTION("TO_PURE_NUMBER(SUM(FILTER(G36:T36, ISEVEN(COLUMN(G36:T36))))-SUM(FILTER(G36:T36, ISODD(COLUMN(G36:T36)))))*24"),45) -> 45 | V36: {=_xlfn.XLOOKUP(A36,'WK 47'!A:A,'WK 47'!V:V,"")} -> 45 | W36: {=_xlfn.XLOOKUP(A36,'WK 47'!A:A,'WK 47'!AA:AA,"")} -> late | X36: =V36-U36 -> 0 | Y36: 0.41666667
A37: 10250966 | B37: Jumana Ashraf | C37: CSR | D37: Production | E37: {=_xlfn.XLOOKUP(A37,'Schedule Wk 47'!A:A,'Schedule Wk 47'!E:E,"")} -> FT | F37: {=_xlfn.XLOOKUP(A37,'Schedule Wk 47'!A:A,'Schedule Wk 47'!F:F,"")} -> 3 | G37: 0.375 | H37: 0.75 | I37: 0.375 | J37: 0.75 | K37: 0.375 | L37: 0.75 | M37: 0.375 | N37: 0.75 | O37: 0.375 | P37: 0.75 | Q37: OFF | R37: OFF | S37: OFF | T37: OFF | U37: =IFERROR(__xludf.DUMMYFUNCTION("TO_PURE_NUMBER(SUM(FILTER(G37:T37, ISEVEN(COLUMN(G37:T37))))-SUM(FILTER(G37:T37, ISODD(COLUMN(G37:T37)))))*24"),45) -> 45 | V37: {=_xlfn.XLOOKUP(A37,'WK 47'!A:A,'WK 47'!V:V,"")} -> 45 | W37: {=_xlfn.XLOOKUP(A37,'WK 47'!A:A,'WK 47'!AA:AA,"")} -> early | X37: =V37-U37 -> 0 | Y37: 0.41666667
A38: 10317943 | B38: Hla Badr | C38: CSR | D38: Production | E38: {=_xlfn.XLOOKUP(A38,'Schedule Wk 47'!A:A,'Schedule Wk 47'!E:E,"")} -> FT | F38: {=_xlfn.XLOOKUP(A38,'Schedule Wk 47'!A:A,'Schedule Wk 47'!F:F,"")} -> 2 | G38: 0.45833333 | H38: 0.875 | I38: 0.45833333 | J38: 0.875 | K38: 0.45833333 | L38: 0.875 | M38: 0.45833333 | N38: 0.875 | O38: OFF | P38: OFF | Q38: OFF | R38: OFF | S38: 0.45833333 | T38: 0.66666667 | U38: =IFERROR(__xludf.DUMMYFUNCTION("TO_PURE_NUMBER(SUM(FILTER(G38:T38, ISEVEN(COLUMN(G38:T38))))-SUM(FILTER(G38:T38, ISODD(COLUMN(G38:T38)))))*24"),45) -> 45 | V38: {=_xlfn.XLOOKUP(A38,'WK 47'!A:A,'WK 47'!V:V,"")} -> 45 | W38: {=_xlfn.XLOOKUP(A38,'WK 47'!A:A,'WK 47'!AA:AA,"")} -> early | X38: =V38-U38 -> 0 | Y38: 0.41666667
A39: 10316530 | B39: Hassan Hussain | C39: CSR | D39: Production | E39: {=_xlfn.XLOOKUP(A39,'Schedule Wk 47'!A:A,'Schedule Wk 47'!E:E,"")} -> FT | F39: {=_xlfn.XLOOKUP(A39,'Schedule Wk 47'!A:A,'Schedule Wk 47'!F:F,"")} -> 1 | G39: OFF | H39: OFF | I39: 0.45833333 | J39: 0.875 | K39: 0.45833333 | L39: 0.875 | M39: 0.45833333 | N39: 0.875 | O39: 0.45833333 | P39: 0.875 | Q39: 0.45833333 | R39: 0.66666667 | S39: OFF | T39: OFF | U39: =IFERROR(__xludf.DUMMYFUNCTION("TO_PURE_NUMBER(SUM(FILTER(G39:T39, ISEVEN(COLUMN(G39:T39))))-SUM(FILTER(G39:T39, ISODD(COLUMN(G39:T39)))))*24"),45) -> 45 | V39: {=_xlfn.XLOOKUP(A39,'WK 47'!A:A,'WK 47'!V:V,"")} -> 45 | W39: {=_xlfn.XLOOKUP(A39,'WK 47'!A:A,'WK 47'!AA:AA,"")} -> late | X39: =V39-U39 -> 0 | Y39: 0.41666667
A40: 10316681 | B40: Habiba Morsy | C40: Esc Mgr | D40: Production | E40: {=_xlfn.XLOOKUP(A40,'Schedule Wk 47'!A:A,'Schedule Wk 47'!E:E,"")} -> FT | F40: {=_xlfn.XLOOKUP(A40,'Schedule Wk 47'!A:A,'Schedule Wk 47'!F:F,"")} -> 1 | G40: 0.375 | H40: 0.75 | I40: 0.375 | J40: 0.75 | K40: 0.375 | L40: 0.75 | M40: 0.375 | N40: 0.75 | O40: 0.375 | P40: 0.75 | Q40: OFF | R40: OFF | S40: OFF | T40: OFF | U40: =IFERROR(__xludf.DUMMYFUNCTION("TO_PURE_NUMBER(SUM(FILTER(G40:T40, ISEVEN(COLUMN(G40:T40))))-SUM(FILTER(G40:T40, ISODD(COLUMN(G40:T40)))))*24"),45) -> 45 | V40: {=_xlfn.XLOOKUP(A40,'WK 47'!A:A,'WK 47'!V:V,"")} -> 45 | W40: {=_xlfn.XLOOKUP(A40,'WK 47'!A:A,'WK 47'!AA:AA,"")} -> early | X40: =V40-U40 -> 0 | Y40: {=_xlfn.XLOOKUP(A40,'WK 45'!A:A,'WK 45'!X:X,"")} -> 0.375
A41: 10320414 | B41: Fatimaalzahra Hafez | C41: CSR | D41: Production | E41: {=_xlfn.XLOOKUP(A41,'Schedule Wk 47'!A:A,'Schedule Wk 47'!E:E,"")} -> FT | F41: {=_xlfn.XLOOKUP(A41,'Schedule Wk 47'!A:A,'Schedule Wk 47'!F:F,"")} -> 3 | G41: 0.375 | H41: 0.75 | I41: 0.375 | J41: 0.75 | K41: 0.375 | L41: 0.75 | M41: 0.375 | N41: 0.75 | O41: 0.375 | P41: 0.75 | Q41: OFF | R41: OFF | S41: OFF | T41: OFF | U41: =IFERROR(__xludf.DUMMYFUNCTION("TO_PURE_NUMBER(SUM(FILTER(G41:T41, ISEVEN(COLUMN(G41:T41))))-SUM(FILTER(G41:T41, ISODD(COLUMN(G41:T41)))))*24"),45) -> 45 | V41: {=_xlfn.XLOOKUP(A41,'WK 47'!A:A,'WK 47'!V:V,"")} -> 45 | W41: {=_xlfn.XLOOKUP(A41,'WK 47'!A:A,'WK 47'!AA:AA,"")} -> early | X41: =V41-U41 -> 0 | Y41: 0.41666667
A42: 10295555 | B42: Duaa Elshareeff | C42: CSR | D42: Production | E42: {=_xlfn.XLOOKUP(A42,'Schedule Wk 47'!A:A,'Schedule Wk 47'!E:E,"")} -> PT | F42: {=_xlfn.XLOOKUP(A42,'Schedule Wk 47'!A:A,'Schedule Wk 47'!F:F,"")} -> 2 | G42: 0.375 | H42: 0.58333333 | I42: 0.375 | J42: 0.58333333 | K42: 0.375 | L42: 0.58333333 | M42: OFF | N42: OFF | O42: OFF | P42: OFF | Q42: 0.45833333 | R42: 0.66666667 | S42: 0.45833333 | T42: 0.66666667 | U42: =IFERROR(__xludf.DUMMYFUNCTION("TO_PURE_NUMBER(SUM(FILTER(G42:T42, ISEVEN(COLUMN(G42:T42))))-SUM(FILTER(G42:T42, ISODD(COLUMN(G42:T42)))))*24"),24.9999999999999) -> 25 | V42: {=_xlfn.XLOOKUP(A42,'WK 47'!A:A,'WK 47'!V:V,"")} -> 25 | W42: {=_xlfn.XLOOKUP(A42,'WK 47'!A:A,'WK 47'!AA:AA,"")} | X42: =V42-U42 -> 9.9475983e-14 | Y42: {=_xlfn.XLOOKUP(A42,'WK 45'!A:A,'WK 45'!X:X,"")} -> 0.20833333
A43: 10250963 | B43: Dina Hanafy | C43: CSR | D43: Production | E43: {=_xlfn.XLOOKUP(A43,'Schedule Wk 47'!A:A,'Schedule Wk 47'!E:E,"")} -> FT | F43: {=_xlfn.XLOOKUP(A43,'Schedule Wk 47'!A:A,'Schedule Wk 47'!F:F,"")} -> 1 | G43: OFF | H43: OFF | I43: 0.45833333 | J43: 0.875 | K43: 0.45833333 | L43: 0.875 | M43: 0.45833333 | N43: 0.875 | O43: 0.45833333 | P43: 0.875 | Q43: 0.45833333 | R43: 0.66666667 | S43: OFF | T43: OFF | U43: =IFERROR(__xludf.DUMMYFUNCTION("TO_PURE_NUMBER(SUM(FILTER(G43:T43, ISEVEN(COLUMN(G43:T43))))-SUM(FILTER(G43:T43, ISODD(COLUMN(G43:T43)))))*24"),45) -> 45 | V43: {=_xlfn.XLOOKUP(A43,'WK 47'!A:A,'WK 47'!V:V,"")} -> 45 | W43: {=_xlfn.XLOOKUP(A43,'WK 47'!A:A,'WK 47'!AA:AA,"")} -> late | X43: =V43-U43 -> 0 | Y43: 0.41666667
A44: 10316618 | B44: Caren Lawendi | C44: CSR | D44: B2B | E44: {=_xlfn.XLOOKUP(A44,'Schedule Wk 47'!A:A,'Schedule Wk 47'!E:E,"")} -> FT | F44: {=_xlfn.XLOOKUP(A44,'Schedule Wk 47'!A:A,'Schedule Wk 47'!F:F,"")} -> 1 | G44: 0.375 | H44: 0.75 | I44: 0.375 | J44: 0.75 | K44: 0.375 | L44: 0.75 | M44: 0.375 | N44: 0.75 | O44: 0.375 | P44: 0.75 | Q44: OFF | R44: OFF | S44: OFF | T44: OFF | U44: =IFERROR(__xludf.DUMMYFUNCTION("TO_PURE_NUMBER(SUM(FILTER(G44:T44, ISEVEN(COLUMN(G44:T44))))-SUM(FILTER(G44:T44, ISODD(COLUMN(G44:T44)))))*24"),45) -> 45 | V44: {=_xlfn.XLOOKUP(A44,'WK 47'!A:A,'WK 47'!V:V,"")} -> 45 | W44: {=_xlfn.XLOOKUP(A44,'WK 47'!A:A,'WK 47'!AA:AA,"")} -> late | X44: =V44-U44 -> 0 | Y44: {=_xlfn.XLOOKUP(A44,'WK 45'!A:A,'WK 45'!X:X,"")} -> 0.41666667
A45: 10320418 | B45: Bassant Eissa | C45: CSR | D45: Production | E45: {=_xlfn.XLOOKUP(A45,'Schedule Wk 47'!A:A,'Schedule Wk 47'!E:E,"")} -> FT | F45: {=_xlfn.XLOOKUP(A45,'Schedule Wk 47'!A:A,'Schedule Wk 47'!F:F,"")} -> 3 | G45: 0.375 | H45: 0.75 | I45: 0.375 | J45: 0.75 | K45: 0.375 | L45: 0.75 | M45: 0.375 | N45: 0.75 | O45: 0.375 | P45: 0.75 | Q45: OFF | R45: OFF | S45: OFF | T45: OFF | U45: =IFERROR(__xludf.DUMMYFUNCTION("TO_PURE_NUMBER(SUM(FILTER(G45:T45, ISEVEN(COLUMN(G45:T45))))-SUM(FILTER(G45:T45, ISODD(COLUMN(G45:T45)))))*24"),45) -> 45 | V45: {=_xlfn.XLOOKUP(A45,'WK 47'!A:A,'WK 47'!V:V,"")} -> 45 | W45: {=_xlfn.XLOOKUP(A45,'WK 47'!A:A,'WK 47'!AA:AA,"")} -> early | X45: =V45-U45 -> 0 | Y45: 0.41666667
A46: 10320412 | B46: Bassant Amin | C46: CSR | D46: Production | E46: {=_xlfn.XLOOKUP(A46,'Schedule Wk 47'!A:A,'Schedule Wk 47'!E:E,"")} -> FT | F46: {=_xlfn.XLOOKUP(A46,'Schedule Wk 47'!A:A,'Schedule Wk 47'!F:F,"")} -> 3 | G46: 0.5 | H46: 0.875 | I46: 0.5 | J46: 0.875 | K46: 0.5 | L46: 0.875 | M46: 0.5 | N46: 0.875 | O46: 0.5 | P46: 0.875 | Q46: OFF | R46: OFF | S46: OFF | T46: OFF | U46: =IFERROR(__xludf.DUMMYFUNCTION("TO_PURE_NUMBER(SUM(FILTER(G46:T46, ISEVEN(COLUMN(G46:T46))))-SUM(FILTER(G46:T46, ISODD(COLUMN(G46:T46)))))*24"),45) -> 45 | V46: {=_xlfn.XLOOKUP(A46,'WK 47'!A:A,'WK 47'!V:V,"")} -> 45 | W46: {=_xlfn.XLOOKUP(A46,'WK 47'!A:A,'WK 47'!AA:AA,"")} -> early | X46: =V46-U46 -> 0 | Y46: 0.375
A47: 10272259 | B47: Aya Hassan | C47: CSR | D47: Production | E47: {=_xlfn.XLOOKUP(A47,'Schedule Wk 47'!A:A,'Schedule Wk 47'!E:E,"")} -> FT | F47: {=_xlfn.XLOOKUP(A47,'Schedule Wk 47'!A:A,'Schedule Wk 47'!F:F,"")} -> 2 | G47: 0.5 | H47: 0.875 | I47: OFF | J47: OFF | K47: OFF | L47: OFF | M47: 0.5 | N47: 0.875 | O47: 0.5 | P47: 0.875 | Q47: 0.45833333 | R47: 0.66666667 | S47: 0.45833333 | T47: 0.66666667 | U47: =IFERROR(__xludf.DUMMYFUNCTION("TO_PURE_NUMBER(SUM(FILTER(G47:T47, ISEVEN(COLUMN(G47:T47))))-SUM(FILTER(G47:T47, ISODD(COLUMN(G47:T47)))))*24"),37) -> 37 | V47: {=_xlfn.XLOOKUP(A47,'WK 47'!A:A,'WK 47'!V:V,"")} -> 37 | W47: {=_xlfn.XLOOKUP(A47,'WK 47'!A:A,'WK 47'!AA:AA,"")} | X47: =V47-U47 -> 0 | Y47: 0.41666667
A48: 10320408 | B48: Alaa Ali | C48: CSR | D48: Production | E48: {=_xlfn.XLOOKUP(A48,'Schedule Wk 47'!A:A,'Schedule Wk 47'!E:E,"")} -> FT | F48: {=_xlfn.XLOOKUP(A48,'Schedule Wk 47'!A:A,'Schedule Wk 47'!F:F,"")} -> 3 | G48: 0.375 | H48: 0.75 | I48: 0.375 | J48: 0.75 | K48: 0.375 | L48: 0.75 | M48: 0.375 | N48: 0.75 | O48: 0.375 | P48: 0.75 | Q48: OFF | R48: OFF | S48: OFF | T48: OFF | U48: =IFERROR(__xludf.DUMMYFUNCTION("TO_PURE_NUMBER(SUM(FILTER(G48:T48, ISEVEN(COLUMN(G48:T48))))-SUM(FILTER(G48:T48, ISODD(COLUMN(G48:T48)))))*24"),45) -> 45 | V48: {=_xlfn.XLOOKUP(A48,'WK 47'!A:A,'WK 47'!V:V,"")} -> 45 | W48: {=_xlfn.XLOOKUP(A48,'WK 47'!A:A,'WK 47'!AA:AA,"")} -> early | X48: =V48-U48 -> 0 | Y48: 0.41666667
A49: 10316549 | B49: Ahmed Mamdouh | C49: CSR | D49: B2B | E49: {=_xlfn.XLOOKUP(A49,'Schedule Wk 47'!A:A,'Schedule Wk 47'!E:E,"")} -> FT | F49: {=_xlfn.XLOOKUP(A49,'Schedule Wk 47'!A:A,'Schedule Wk 47'!F:F,"")} -> 1 | G49: 0.375 | H49: 0.75 | I49: 0.375 | J49: 0.75 | K49: 0.375 | L49: 0.75 | M49: 0.375 | N49: 0.75 | O49: 0.375 | P49: 0.75 | Q49: OFF | R49: OFF | S49: OFF | T49: OFF | U49: =IFERROR(__xludf.DUMMYFUNCTION("TO_PURE_NUMBER(SUM(FILTER(G49:T49, ISEVEN(COLUMN(G49:T49))))-SUM(FILTER(G49:T49, ISODD(COLUMN(G49:T49)))))*24"),45) -> 45 | V49: {=_xlfn.XLOOKUP(A49,'WK 47'!A:A,'WK 47'!V:V,"")} -> 45 | W49: {=_xlfn.XLOOKUP(A49,'WK 47'!A:A,'WK 47'!AA:AA,"")} -> late | X49: =V49-U49 -> 0 | Y49: {=_xlfn.XLOOKUP(A49,'WK 45'!A:A,'WK 45'!X:X,"")} -> 0.41666667
A50: 10320415 | B50: Abdelrahman Ibrahim | C50: CSR | D50: Production | E50: {=_xlfn.XLOOKUP(A50,'Schedule Wk 47'!A:A,'Schedule Wk 47'!E:E,"")} -> FT | F50: {=_xlfn.XLOOKUP(A50,'Schedule Wk 47'!A:A,'Schedule Wk 47'!F:F,"")} -> 3 | G50: 0.5 | H50: 0.875 | I50: 0.5 | J50: 0.875 | K50: 0.5 | L50: 0.875 | M50: 0.5 | N50: 0.875 | O50: 0.5 | P50: 0.875 | Q50: OFF | R50: OFF | S50: OFF | T50: OFF | U50: =IFERROR(__xludf.DUMMYFUNCTION("TO_PURE_NUMBER(SUM(FILTER(G50:T50, ISEVEN(COLUMN(G50:T50))))-SUM(FILTER(G50:T50, ISODD(COLUMN(G50:T50)))))*24"),45) -> 45 | V50: {=_xlfn.XLOOKUP(A50,'WK 47'!A:A,'WK 47'!V:V,"")} -> 45 | W50: {=_xlfn.XLOOKUP(A50,'WK 47'!A:A,'WK 47'!AA:AA,"")} -> early | X50: =V50-U50 -> 0 | Y50: 0.41666667
A51: 10320410 | B51: Abdelrahman Etman | C51: CSR | D51: Production | E51: {=_xlfn.XLOOKUP(A51,'Schedule Wk 47'!A:A,'Schedule Wk 47'!E:E,"")} -> FT | F51: {=_xlfn.XLOOKUP(A51,'Schedule Wk 47'!A:A,'Schedule Wk 47'!F:F,"")} -> 3 | G51: 0.375 | H51: 0.75 | I51: 0.375 | J51: 0.75 | K51: 0.375 | L51: 0.75 | M51: 0.375 | N51: 0.75 | O51: 0.375 | P51: 0.75 | Q51: OFF | R51: OFF | S51: OFF | T51: OFF | U51: =IFERROR(__xludf.DUMMYFUNCTION("TO_PURE_NUMBER(SUM(FILTER(G51:T51, ISEVEN(COLUMN(G51:T51))))-SUM(FILTER(G51:T51, ISODD(COLUMN(G51:T51)))))*24"),45) -> 45 | V51: {=_xlfn.XLOOKUP(A51,'WK 47'!A:A,'WK 47'!V:V,"")} -> 45 | W51: {=_xlfn.XLOOKUP(A51,'WK 47'!A:A,'WK 47'!AA:AA,"")} -> early | X51: =V51-U51 -> 0 | Y51: {=_xlfn.XLOOKUP(A51,'WK 45'!A:A,'WK 45'!X:X,"")}
F54: Monday | G54: Tuesday | H54: Wednesday | I54: Thursday | J54: Friday | K54: Saturday | L54: Sunday
E55: Req Hours | F55: 309.9 | G55: 260.8 | H55: 254.7 | I55: 233.8 | J55: 251.8 | K55: 112 | L55: 69.8
E56: Available hours | F56: =F58*7.5 -> 270 | G56: =G58*7.5 -> 330 | H56: =H58*7.5 -> 307.5 | I56: =I58*7.5 -> 315 | J56: =J58*7.5 -> 292.5 | K56: =K58*4 -> 64 | L56: =L58*4 -> 48
E57: Variance | F57: =F56-F55 -> -39.9 | G57: =G56-G55 -> 69.2 | H57: =H56-H55 -> 52.8 | I57: =I56-I55 -> 81.2 | J57: =J56-J55 -> 40.7 | K57: =K56-K55 -> -48 | L57: =L56-L55 -> -21.8
E58: Available Agents | F58: =IFERROR(__xludf.DUMMYFUNCTION("COUNTA(FILTER($C$4:$C$51, $C$4:$C$51=""CSR"", G4:G51<>"""", NOT(ISTEXT(G4:G51))))"),36) -> 36 | G58: =IFERROR(__xludf.DUMMYFUNCTION("COUNTA(FILTER($C$4:$C$51, $C$4:$C$51=""CSR"", I4:I51<>"""", NOT(ISTEXT(I4:I51))))"),44) -> 44 | H58: =IFERROR(__xludf.DUMMYFUNCTION("COUNTA(FILTER($C$4:$C$51, $C$4:$C$51=""CSR"", K4:K51<>"""", NOT(ISTEXT(K4:K51))))"),41) -> 41 | I58: =IFERROR(__xludf.DUMMYFUNCTION("COUNTA(FILTER($C$4:$C$51, $C$4:$C$51=""CSR"", M4:M51<>"""", NOT(ISTEXT(M4:M51))))"),42) -> 42 | J58: =IFERROR(__xludf.DUMMYFUNCTION("COUNTA(FILTER($C$4:$C$51, $C$4:$C$51=""CSR"", O4:O51<>"""", NOT(ISTEXT(O4:O51))))"),39) -> 39 | K58: =IFERROR(__xludf.DUMMYFUNCTION("COUNTA(FILTER($C$4:$C$51, $C$4:$C$51=""CSR"", Q4:Q51<>"""", NOT(ISTEXT(Q4:Q51))))"),16) -> 16 | L58: =IFERROR(__xludf.DUMMYFUNCTION("COUNTA(FILTER($C$4:$C$51, $C$4:$C$51=""CSR"", S4:S51<>"""", NOT(ISTEXT(S4:S51))))"),12) -> 12
E59: Required Agents | F59: =F55/7 -> 44.271429 | G59: =G55/7 -> 37.257143 | H59: =H55/7 -> 36.385714 | I59: =I55/7 -> 33.4 | J59: =J55/7 -> 35.971429 | K59: =K55/4 -> 28 | L59: =L55/4 -> 17.45
E60: HC Variance | F60: =F58-F59 -> -8.2714286 | G60: =G58-G59 -> 6.7428571 | H60: =H58-H59 -> 4.6142857 | I60: =I58-I59 -> 8.6 | J60: =J58-J59 -> 3.0285714 | K60: =K58-K59 -> -12 | L60: =L58-L59 -> -5.45
E61: Variance % | F61: =F60/F59 -> -0.18683446 | G61: =G60/G59 -> 0.1809816 | H61: =H60/H59 -> 0.12681586 | I61: =I60/I59 -> 0.25748503 | J61: =J60/J59 -> 0.084193805 | K61: =K60/K59 -> -0.42857143 | L61: =L60/L59 -> -0.31232092
F67: =F55/8 -> 38.7375 | G67: =G55/8 -> 32.6 | H67: =H55/8 -> 31.8375 | I67: =I55/8 -> 29.225 | J67: =J55/8 -> 31.475 | K67: =K55/8 -> 14 | L67: =L55/8 -> 8.725
F68: =IFERROR(__xludf.DUMMYFUNCTION("COUNTA(FILTER($C$4:$C$51, $C$4:$C$51=""CSR"", G14:G61<>"""", NOT(ISTEXT(G14:G61))))"),36) -> 36 | G68: =IFERROR(__xludf.DUMMYFUNCTION("COUNTA(FILTER($C$4:$C$51, $C$4:$C$51=""CSR"", H14:H61<>"""", NOT(ISTEXT(H14:H61))))"),36) -> 36 | H68: =IFERROR(__xludf.DUMMYFUNCTION("COUNTA(FILTER($C$4:$C$51, $C$4:$C$51=""CSR"", I14:I61<>"""", NOT(ISTEXT(I14:I61))))"),41) -> 41 | I68: =IFERROR(__xludf.DUMMYFUNCTION("COUNTA(FILTER($C$4:$C$51, $C$4:$C$51=""CSR"", J14:J61<>"""", NOT(ISTEXT(J14:J61))))"),41) -> 41 | J68: =IFERROR(__xludf.DUMMYFUNCTION("COUNTA(FILTER($C$4:$C$51, $C$4:$C$51=""CSR"", K14:K61<>"""", NOT(ISTEXT(K14:K61))))"),38) -> 38 | K68: =IFERROR(__xludf.DUMMYFUNCTION("COUNTA(FILTER($C$4:$C$51, $C$4:$C$51=""CSR"", L14:L61<>"""", NOT(ISTEXT(L14:L61))))"),38) -> 38 | L68: =IFERROR(__xludf.DUMMYFUNCTION("COUNTA(FILTER($C$4:$C$51, $C$4:$C$51=""CSR"", M14:M61<>"""", NOT(ISTEXT(M14:M61))))"),32) -> 32
F69: =F68-F67 -> -2.7375 | G69: =G68-G67 -> 3.4 | H69: =H68-H67 -> 9.1625 | I69: =I68-I67 -> 11.775 | J69: =J68-J67 -> 6.525 | K69: =K68-K67 -> 24 | L69: =L68-L67 -> 23.275

Sheet WK2 UPDATED
A1: CIM | B1: Agent Name | C1: Position | D1: Stage | E1: FT/PT | F1: Wave | G1: 45663 | I1: 45664 | K1: 45665 | M1: 45666 | O1: 45667 | Q1: 45668 | S1: 45669
G2: Monday | I2: Tuesday | K2: Wednesday | M2: Thursday | O2: Friday | Q2: Saturday | S2: Sunday
G3: From | H3: To | I3: From | J3: To | K3: From | L3: To | M3: From | N3: To | O3: From | P3: To | Q3: From | R3: To | S3: From | T3: To
A4: 10320410 | B4: Abdelrahman Etman | C4: CSR | D4: Production | E4: FT | F4: 3 | G4: 0.375 | H4: 0.75 | I4: 0.375 | J4: 0.75 | K4: 0.375 | L4: 0.75 | M4: 0.375 | N4: 0.75 | O4: 0.375 | P4: 0.75 | Q4: OFF | R4: OFF | S4: OFF | T4: OFF
A5: 10320415 | B5: Abdelrahman Ibrahim | C5: CSR | D5: Production | E5: FT | F5: 3 | G5: 0.45833333 | H5: 0.875 | I5: 0.45833333 | J5: 0.875 | K5: 0.45833333 | L5: 0.875 | M5: 0.45833333 | N5: 0.875 | O5: OFF | P5: OFF | Q5: OFF | R5: OFF | S5: 0.45833333 | T5: 0.66666667
A6: 10317522 | B6: Ahmed Hisham | C6: CSR | D6: Production | E6: FT | F6: 2 | G6: AN | H6: AN | I6: BH | J6: BH | K6: 0.45833333 | L6: 0.875 | M6: 0.45833333 | N6: 0.875 | O6: OFF | P6: OFF | Q6: OFF | R6: OFF | S6: 0.45833333 | T6: 0.66666667
A7: 10316549 | B7: Ahmed Mamdouh | C7: CSR | D7: B2B | E7: FT | F7: 1 | G7: AN | H7: AN | I7: 0.375 | J7: 0.75 | K7: 0.375 | L7: 0.75 | M7: 0.375 | N7: 0.75 | O7: 0.375 | P7: 0.75 | Q7: OFF | R7: OFF | S7: OFF | T7: OFF
A8: 10320413 | B8: Alaa Abdulshafi | C8: CSR | D8: Production | E8: FT | F8: 3 | G8: 0.45833333 | H8: 0.875 | I8: 0.45833333 | J8: 0.875 | K8: 0.45833333 | L8: 0.875 | M8: 0.45833333 | N8: 0.875 | O8: OFF | P8: OFF | Q8: OFF | R8: OFF | S8: 0.45833333 | T8: 0.66666667
A9: 10320408 | B9: Alaa Ali | C9: CSR | D9: Production | E9: FT | F9: 3 | G9: 0.375 | H9: 0.75 | I9: 0.375 | J9: 0.75 | K9: 0.375 | L9: 0.75 | M9: 0.375 | N9: 0.75 | O9: OFF | P9: OFF | Q9: OFF | R9: OFF | S9: 0.45833333 | T9: 0.66666667
A10: 10317147 | B10: Asalla Metwally | C10: CSR | D10: Production | E10: FT | F10: 1 | G10: OFF | H10: OFF | I10: 0.45833333 | J10: 0.875 | K10: 0.45833333 | L10: 0.875 | M10: 0.45833333 | N10: 0.875 | O10: 0.45833333 | P10: 0.875 | Q10: 0.45833333 | R10: 0.66666667 | S10: OFF | T10: OFF
A11: 10272259 | B11: Aya Hassan | C11: CSR | D11: Production | E11: FT | F11: 2 | G11: 0.33333333 | H11: 0.70833333 | I11: OFF | J11: OFF | K11: OFF | L11: OFF | M11: AN | N11: AN | O11: AN | P11: AN | Q11: AN | R11: AN | S11: 0.41666667 | T11: 0.625
A12: 10320412 | B12: Bassant Amin | C12: CSR | D12: Production | E12: FT | F12: 3 | G12: 0.5 | H12: 0.875 | I12: 0.5 | J12: 0.875 | K12: 0.5 | L12: 0.875 | M12: 0.5 | N12: 0.875 | O12: 0.5 | P12: 0.875 | Q12: OFF | R12: OFF | S12: OFF | T12: OFF
A13: 10320418 | B13: Bassant Eissa | C13: CSR | D13: Production | E13: FT | F13: 3 | G13: 0.375 | H13: 0.75 | I13: 0.375 | J13: 0.75 | K13: 0.375 | L13: 0.75 | M13: 0.375 | N13: 0.75 | O13: OFF | P13: OFF | Q13: OFF | R13: OFF | S13: 0.45833333 | T13: 0.66666667
A14: 10316618 | B14: Caren Lawendi | C14: CSR | D14: B2B | E14: FT | F14: 1 | G14: AN | H14: AN | I14: BH | J14: BH | K14: 0.5 | L14: 0.875 | M14: 0.5 | N14: 0.875 | O14: 0.5 | P14: 0.875 | Q14: OFF | R14: OFF | S14: OFF | T14: OFF
A15: 10250963 | B15: Dina Hanafy | C15: CSR | D15: Production | E15: FT | F15: 1 | G15: 0.5 | H15: 0.875 | I15: 0.5 | J15: 0.875 | K15: 0.5 | L15: 0.875 | M15: 0.5 | N15: 0.875 | O15: 0.5 | P15: 0.875 | Q15: OFF | R15: OFF | S15: OFF | T15: OFF
A16: 10295555 | B16: Duaa Elshareeff | C16: CSR | D16: Production | E16: PT | F16: 2 | G16: 0.66666667 | H16: 0.875 | I16: 0.66666667 | J16: 0.875 | K16: OFF | L16: OFF | M16: OFF | N16: OFF | O16: 0.66666667 | P16: 0.875 | Q16: 0.45833333 | R16: 0.66666667 | S16: 0.45833333 | T16: 0.66666667
A17: 10317520 | B17: Farida Gadalkarim | C17: CSR | D17: Production | E17: FT | F17: 2 | G17: OFF | H17: OFF | I17: 0.33333333 | J17: 0.75 | K17: 0.33333333 | L17: 0.75 | M17: 0.33333333 | N17: 0.75 | O17: 0.33333333 | P17: 0.75 | Q17: 0.41666667 | R17: 0.625 | S17: OFF | T17: OFF
A18: 10320414 | B18: Fatimaalzahra Hafez | C18: CSR | D18: Production | E18: FT | F18: 3 | G18: OFF | H18: OFF | I18: 0.375 | J18: 0.79166667 | K18: 0.375 | L18: 0.79166667 | M18: 0.375 | N18: 0.79166667 | O18: 0.375 | P18: 0.79166667 | Q18: 0.45833333 | R18: 0.66666667 | S18: OFF | T18: OFF
A19: 10316681 | B19: Habiba Morsy | C19: Esc Mgr | D19: Production | E19: FT | F19: 1 | G19: 0.375 | H19: 0.75 | I19: 0.375 | J19: 0.75 | K19: 0.375 | L19: 0.75 | M19: 0.375 | N19: 0.75 | O19: 0.375 | P19: 0.75 | Q19: OFF | R19: OFF | S19: OFF | T19: OFF
A20: 10316650 | B20: Hana Afifi | C20: CSR | D20: Production | E20: FT | F20: 2 | G20: 0.375 | H20: 0.79166667 | I20: 0.375 | J20: 0.79166667 | K20: 0.375 | L20: 0.79166667 | M20: 0.375 | N20: 0.79166667 | O20: OFF | P20: OFF | Q20: OFF | R20: OFF | S20: 0.45833333 | T20: 0.66666667
A21: 10320416 | B21: Hana Jankiz | C21: CSR | D21: Production | E21: FT | F21: 3 | G21: 0.5 | H21: 0.875 | I21: 0.5 | J21: 0.875 | K21: 0.5 | L21: 0.875 | M21: 0.5 | N21: 0.875 | O21: 0.5 | P21: 0.875 | Q21: OFF | R21: OFF | S21: OFF | T21: OFF
A22: 10316530 | B22: Hassan Hussain | C22: CSR | D22: Production | E22: FT | F22: 1 | G22: AN | H22: AN | I22: BH | J22: BH | K22: AN | L22: AN | M22: 0.5 | N22: 0.875 | O22: 0.5 | P22: 0.875 | Q22: OFF | R22: OFF | S22: OFF | T22: OFF
A23: 10316680 | B23: Hesham Hussien | C23: CSR | D23: Production | E23: FT | F23: 1 | G23: 0.5 | H23: 0.875 | I23: 0.5 | J23: 0.875 | K23: 0.5 | L23: 0.875 | M23: 0.5 | N23: 0.875 | O23: 0.5 | P23: 0.875 | Q23: OFF | R23: OFF | S23: OFF | T23: OFF
A24: 10317943 | B24: Hla Badr | C24: CSR | D24: Production | E24: FT | F24: 2 | G24: 0.45833333 | H24: 0.875 | I24: 0.45833333 | J24: 0.875 | K24: 0.45833333 | L24: 0.875 | M24: 0.45833333 | N24: 0.875 | O24: OFF | P24: OFF | Q24: OFF | R24: OFF | S24: 0.45833333 | T24: 0.66666667
A25: 10250966 | B25: Jumana Ashraf | C25: CSR | D25: Production | E25: FT | F25: 3 | G25: 0.45833333 | H25: 0.875 | I25: 0.45833333 | J25: 0.875 | K25: 0.45833333 | L25: 0.875 | M25: 0.45833333 | N25: 0.875 | O25: OFF | P25: OFF | Q25: OFF | R25: OFF | S25: 0.45833333 | T25: 0.66666667
A26: 10316543 | B26: Khaled Zaafarany | C26: CSR | D26: Production | E26: FT | F26: 1 | G26: 0.45833333 | H26: 0.875 | I26: 0.45833333 | J26: 0.875 | K26: 0.45833333 | L26: 0.875 | M26: 0.45833333 | N26: 0.875 | O26: OFF | P26: OFF | Q26: OFF | R26: OFF | S26: 0.45833333 | T26: 0.66666667
A27: 10317521 | B27: Mariam Gadalkarim | C27: CSR | D27: Production | E27: FT | F27: 2 | G27: OFF | H27: OFF | I27: 0.33333333 | J27: 0.75 | K27: 0.33333333 | L27: 0.75 | M27: 0.33333333 | N27: 0.75 | O27: 0.33333333 | P27: 0.75 | Q27: 0.41666667 | R27: 0.625 | S27: OFF | T27: OFF
A28: 10317517 | B28: Mariam Hanna | C28: CSR | D28: Production | E28: FT | F28: 2 | G28: 0.375 | H28: 0.75 | I28: BH | J28: BH | K28: AN | L28: AN | M28: 0.375 | N28: 0.75 | O28: 0.375 | P28: 0.75 | Q28: OFF | R28: OFF | S28: OFF | T28: OFF
A29: 10252106 | B29: Marinass Elhusseni | C29: CSR | D29: Production | E29: FT | F29: 2 | G29: 0.375 | H29: 0.75 | I29: OFF | J29: OFF | K29: OFF | L29: OFF | M29: 0.375 | N29: 0.75 | O29: AN | P29: AN | Q29: AN | R29: AN | S29: 0.45833333 | T29: 0.66666667
A30: 10320407 | B30: Marleen Francis | C30: CSR | D30: Production | E30: FT | F30: 3 | G30: OFF | H30: OFF | I30: BH | J30: BH | K30: 0.375 | L30: 0.79166667 | M30: 0.375 | N30: 0.79166667 | O30: 0.375 | P30: 0.79166667 | Q30: 0.45833333 | R30: 0.66666667 | S30: OFF | T30: OFF
A31: 10320417 | B31: Marwa Nofal | C31: CSR | D31: Production | E31: FT | F31: 3 | G31: 0.375 | H31: 0.79166667 | I31: BH | J31: BH | K31: 0.375 | L31: 0.79166667 | M31: 0.375 | N31: 0.79166667 | O31: OFF | P31: OFF | Q31: OFF | R31: OFF | S31: 0.45833333 | T31: 0.66666667
A32: 10317154 | B32: Mazen Elramlawy | C32: CSR | D32: Production | E32: FT | F32: 3 | G32: 0.33333333 | H32: 0.75 | I32: 0.33333333 | J32: 0.75 | K32: 0.33333333 | L32: 0.75 | M32: 0.33333333 | N32: 0.75 | O32: OFF | P32: OFF | Q32: OFF | R32: OFF | S32: 0.41666667 | T32: 0.625
A33: 10320436 | B33: Mazen Shoukry | C33: CSR | D33: Production | E33: FT | F33: 3 | G33: 0.375 | H33: 0.79166667 | I33: 0.375 | J33: 0.79166667 | K33: 0.375 | L33: 0.79166667 | M33: 0.375 | N33: 0.79166667 | O33: OFF | P33: OFF | Q33: OFF | R33: OFF | S33: 0.45833333 | T33: 0.66666667
A34: 10316538 | B34: Mohamed Abdelrahman | C34: CSR | D34: Production | E34: FT | F34: 1 | G34: 0.5 | H34: 0.875 | I34: 0.5 | J34: 0.875 | K34: OFF | L34: OFF | M34: OFF | N34: OFF | O34: 0.5 | P34: 0.875 | Q34: 0.45833333 | R34: 0.66666667 | S34: 0.45833333 | T34: 0.66666667
A35: 10293607 | B35: Mohamed Hassan | C35: CSR | D35: Production | E35: FT | F35: 3 | G35: 0.45833333 | H35: 0.875 | I35: 0.45833333 | J35: 0.875 | K35: 0.45833333 | L35: 0.875 | M35: 0.45833333 | N35: 0.875 | O35: OFF | P35: OFF | Q35: OFF | R35: OFF | S35: 0.45833333 | T35: 0.66666667
A36: 10316545 | B36: Nada Mosbah | C36: CSR | D36: Production | E36: FT | F36: 1 | G36: 0.375 | H36: 0.75 | I36: 0.375 | J36: 0.75 | K36: 0.375 | L36: 0.75 | M36: 0.375 | N36: 0.75 | O36: 0.375 | P36: 0.75 | Q36: OFF | R36: OFF | S36: OFF | T36: OFF
A37: 10316572 | B37: Nadine Morsy | C37: CSR | D37: Production | E37: FT | F37: 2 | G37: 0.33333333 | H37: 0.75 | I37: 0.375 | J37: 0.79166667 | K37: 0.375 | L37: 0.79166667 | M37: 0.375 | N37: 0.79166667 | O37: OFF | P37: OFF | Q37: OFF | R37: OFF | S37: 0.41666667 | T37: 0.625
A38: 10316685 | B38: Nouran Noby | C38: Esc Mgr | D38: Production | E38: FT | F38: 1 | G38: 0.5 | H38: 0.875 | I38: 0.5 | J38: 0.875 | K38: 0.5 | L38: 0.875 | M38: 0.5 | N38: 0.875 | O38: 0.5 | P38: 0.875 | Q38: OFF | R38: OFF | S38: OFF | T38: OFF
A39: 10274446 | B39: Omar Emad | C39: CSR | D39: Production | E39: FT | F39: 2 | G39: 0.375 | H39: 0.75 | I39: 0.375 | J39: 0.75 | K39: OFF | L39: OFF | M39: OFF | N39: OFF | O39: 0.375 | P39: 0.75 | Q39: 0.45833333 | R39: 0.66666667 | S39: 0.45833333 | T39: 0.66666667
A40: 10276839 | B40: Reem Alaa | C40: CSR | D40: Production | E40: FT | F40: 2 | G40: 0.45833333 | H40: 0.875 | I40: 0.45833333 | J40: 0.875 | K40: 0.45833333 | L40: 0.875 | M40: 0.45833333 | N40: 0.875 | O40: OFF | P40: OFF | Q40: OFF | R40: OFF | S40: 0.45833333 | T40: 0.66666667
A41: 10320419 | B41: Salma Hassan | C41: CSR | D41: Production | E41: FT | F41: 3 | G41: OFF | H41: OFF | I41: 0.375 | J41: 0.79166667 | K41: 0.375 | L41: 0.79166667 | M41: 0.375 | N41: 0.79166667 | O41: 0.375 | P41: 0.79166667 | Q41: 0.45833333 | R41: 0.66666667 | S41: OFF | T41: OFF
A42: 10316551 | B42: Salma Salah | C42: CSR | D42: Production | E42: FT | F42: 1 | G42: 0.45833333 | H42: 0.875 | I42: 0.45833333 | J42: 0.875 | K42: 0.45833333 | L42: 0.875 | M42: 0.45833333 | N42: 0.875 | O42: OFF | P42: OFF | Q42: OFF | R42: OFF | S42: 0.45833333 | T42: 0.66666667
A43: 10320435 | B43: Seifeldin Hassan | C43: CSR | D43: Production | E43: FT | F43: 3 | G43: 0.375 | H43: 0.75 | I43: 0.375 | J43: 0.75 | K43: 0.375 | L43: 0.75 | M43: 0.375 | N43: 0.75 | O43: 0.375 | P43: 0.75 | Q43: OFF | R43: OFF | S43: OFF | T43: OFF
A44: 10316683 | B44: Shahd Abdelaziz | C44: CSR | D44: Production | E44: FT | F44: 1 | G44: 0.375 | H44: 0.75 | I44: 0.375 | J44: 0.75 | K44: 0.375 | L44: 0.75 | M44: 0.375 | N44: 0.75 | O44: 0.375 | P44: 0.75 | Q44: OFF | R44: OFF | S44: OFF | T44: OFF
A45: 10316540 | B45: Wafaa Elnaby | C45: CSR | D45: B2B | E45: FT | F45: 1 | G45: AN | H45: AN | I45: 0.5 | J45: 0.875 | K45: 0.5 | L45: 0.875 | M45: 0.5 | N45: 0.875 | O45: 0.5 | P45: 0.875 | Q45: OFF | R45: OFF | S45: OFF | T45: OFF
A46: 10293627 | B46: Yassin Shaker | C46: CSR | D46: Production | E46: FT | F46: 3 | G46: 0.375 | H46: 0.79166667 | I46: 0.375 | J46: 0.79166667 | K46: 0.375 | L46: 0.79166667 | M46: 0.375 | N46: 0.79166667 | O46: OFF | P46: OFF | Q46: OFF | R46: OFF | S46: 0.45833333 | T46: 0.66666667
A47: 10320409 | B47: Youssef Eltokhy | C47: CSR | D47: Production | E47: FT | F47: 3 | G47: 0.5 | H47: 0.875 | I47: OFF | J47: OFF | K47: OFF | L47: OFF | M47: 0.5 | N47: 0.875 | O47: 0.5 | P47: 0.875 | Q47: 0.45833333 | R47: 0.66666667 | S47: 0.45833333 | T47: 0.66666667
A48: 10317151 | B48: Youssef Shokry | C48: CSR | D48: B2B | E48: FT | F48: 1 | G48: AN | H48: AN | I48: 0.375 | J48: 0.75 | K48: 0.375 | L48: 0.75 | M48: 0.375 | N48: 0.75 | O48: 0.375 | P48: 0.75 | Q48: OFF | R48: OFF | S48: OFF | T48: OFF
A49: 10317524 | B49: Zeina Ashraf | C49: CSR | D49: Production | E49: FT | F49: 2 | G49: OFF | H49: OFF | I49: 0.45833333 | J49: 0.875 | K49: 0.45833333 | L49: 0.875 | M49: 0.45833333 | N49: 0.875 | O49: 0.45833333 | P49: 0.875 | Q49: 0.45833333 | R49: 0.66666667 | S49: OFF | T49: OFF

Sheet Swaps draft
A13: CIM | B13: Agent Name | C13: Position | D13: Stage | E13: FT/PT | F13: Wave | G13: 45663
G14: Monday
G15: From | H15: To
A16: 10320417 | B16: Marwa Nofal | C16: CSR | D16: Production | E16: FT | F16: 3 | G16: 0.375 | H16: 0.79166667
A17: 10317154 | B17: Mazen Elramlawy | C17: CSR | D17: Production | E17: FT | F17: 3 | G17: 0.33333333 | H17: 0.75
A20: CIM | B20: Agent Name | C20: Position | D20: Stage | E20: FT/PT | F20: Wave | G20: 45663
G21: Monday
G22: From | H22: To
A23: 10320417 | B23: Marwa Nofal | C23: CSR | D23: Production | E23: FT | F23: 3 | G23: 0.33333333 | H23: 0.75
A24: 10317154 | B24: Mazen Elramlawy | C24: CSR | D24: Production | E24: FT | F24: 3 | G24: 0.375 | H24: 0.79166667
A29: CIM | B29: Agent Name | C29: Position | D29: Stage | E29: FT/PT | F29: Wave | G29: 45664
G30: Tuesday
A31: 10320407 | B31: Marleen Francis | C31: CSR | D31: Production | E31: FT | F31: 3 | G31: BH
A32: 10320417 | B32: Marwa Nofal | C32: CSR | D32: Production | E32: FT | F32: 3 | G32: BH

Sheet WK 1
G1: 45656 | I1: 45657 | K1: 45658 | M1: 45659 | O1: 45660 | Q1: 45661 | S1: 45662
G2: From | H2: To | I2: From | J2: To | K2: From | L2: To | M2: From | N2: To | O2: From | P2: To | Q2: From | R2: To | S2: From | T2: To
A3: CIM | B3: Agent Name | C3: Position | D3: Stage | E3: FT/PT | F3: Wave | G3: Monday | I3: Tuesday | K3: Wednesday | M3: Thursday | O3: Friday | Q3: Saturday | S3: Sunday
A4: 10320410 | B4: Abdelrahman Etman | C4: CSR | D4: Production | E4: FT | F4: 3 | G4: 0.5 | H4: 0.875 | I4: 0.5 | J4: 0.875 | K4: 0.5 | L4: 0.875 | M4: 0.5 | N4: 0.875 | O4: 0.5 | P4: 0.875 | Q4: OFF | R4: OFF | S4: OFF | T4: OFF | U4: =IFERROR(__xludf.DUMMYFUNCTION("TO_PURE_NUMBER(SUM(FILTER(G4:T4, ISEVEN(COLUMN(G4:T4))))-SUM(FILTER(G4:T4, ISODD(COLUMN(G4:T4)))))*24"),45) -> 45
A5: 10320415 | B5: Abdelrahman Ibrahim | C5: CSR | D5: Production | E5: FT | F5: 3 | G5: 0.375 | H5: 0.79166667 | I5: 0.375 | J5: 0.79166667 | K5: 0.375 | L5: 0.79166667 | M5: 0.375 | N5: 0.79166667 | O5: OFF | P5: OFF | Q5: OFF | R5: OFF | S5: 0.45833333 | T5: 0.66666667 | U5: =IFERROR(__xludf.DUMMYFUNCTION("TO_PURE_NUMBER(SUM(FILTER(G5:T5, ISEVEN(COLUMN(G5:T5))))-SUM(FILTER(G5:T5, ISODD(COLUMN(G5:T5)))))*24"),45.0000000000582) -> 45
A6: 10317522 | B6: Ahmed Hisham | C6: CSR | D6: Production | E6: FT | F6: 2 | G6: 0.375 | H6: 0.75 | I6: 0.375 | J6: 0.75 | K6: 0.375 | L6: 0.75 | M6: 0.375 | N6: 0.75 | O6: 0.375 | P6: 0.75 | Q6: OFF | R6: OFF | S6: OFF | T6: OFF | U6: =IFERROR(__xludf.DUMMYFUNCTION("TO_PURE_NUMBER(SUM(FILTER(G6:T6, ISEVEN(COLUMN(G6:T6))))-SUM(FILTER(G6:T6, ISODD(COLUMN(G6:T6)))))*24"),45) -> 45
A7: 10316549 | B7: Ahmed Mamdouh | C7: CSR | D7: B2B | E7: FT | F7: 1 | G7: 0.375 | H7: 0.75 | I7: 0.375 | J7: 0.75 | K7: 0.375 | L7: 0.75 | M7: 0.375 | N7: 0.75 | O7: 0.375 | P7: 0.75 | Q7: OFF | R7: OFF | S7: OFF | T7: OFF | U7: =IFERROR(__xludf.DUMMYFUNCTION("TO_PURE_NUMBER(SUM(FILTER(G7:T7, ISEVEN(COLUMN(G7:T7))))-SUM(FILTER(G7:T7, ISODD(COLUMN(G7:T7)))))*24"),45) -> 45
A8: 10320413 | B8: Alaa Abdulshafi | C8: CSR | D8: Production | E8: FT | F8: 3 | G8: 0.375 | H8: 0.75 | I8: 0.375 | J8: 0.75 | K8: 0.375 | L8: 0.75 | M8: 0.375 | N8: 0.75 | O8: 0.375 | P8: 0.75 | Q8: OFF | R8: OFF | S8: OFF | T8: OFF | U8: =IFERROR(__xludf.DUMMYFUNCTION("TO_PURE_NUMBER(SUM(FILTER(G8:T8, ISEVEN(COLUMN(G8:T8))))-SUM(FILTER(G8:T8, ISODD(COLUMN(G8:T8)))))*24"),45) -> 45
A9: 10320408 | B9: Alaa Ali | C9: CSR | D9: Production | E9: FT | F9: 3 | G9: 0.375 | H9: 0.75 | I9: 0.375 | J9: 0.75 | K9: 0.375 | L9: 0.75 | M9: 0.375 | N9: 0.75 | O9: OFF | P9: OFF | Q9: OFF | R9: OFF | S9: 0.45833333 | T9: 0.66666667 | U9: =IFERROR(__xludf.DUMMYFUNCTION("TO_PURE_NUMBER(SUM(FILTER(G9:T9, ISEVEN(COLUMN(G9:T9))))-SUM(FILTER(G9:T9, ISODD(COLUMN(G9:T9)))))*24"),41.0000000000582) -> 41
A10: 10317147 | B10: Asalla Metwally | C10: CSR | D10: Production | E10: FT | F10: 1 | G10: OFF | H10: OFF | I10: 0.375 | J10: 0.79166667 | K10: 0.375 | L10: 0.79166667 | M10: 0.375 | N10: 0.79166667 | O10: 0.375 | P10: 0.79166667 | Q10: 0.45833333 | R10: 0.66666667 | S10: OFF | T10: OFF | U10: =IFERROR(__xludf.DUMMYFUNCTION("TO_PURE_NUMBER(SUM(FILTER(G10:T10, ISEVEN(COLUMN(G10:T10))))-SUM(FILTER(G10:T10, ISODD(COLUMN(G10:T10)))))*24"),45.000000000029) -> 45
A11: 10272259 | B11: Aya Hassan | C11: CSR | D11: Production | E11: FT | F11: 2 | G11: 0.375 | H11: 0.75 | I11: OFF | J11: OFF | K11: OFF | L11: OFF | M11: 0.375 | N11: 0.75 | O11: 0.375 | P11: 0.75 | Q11: 0.45833333 | R11: 0.66666667 | S11: 0.41666667 | T11: 0.625 | U11: =IFERROR(__xludf.DUMMYFUNCTION("TO_PURE_NUMBER(SUM(FILTER(G11:T11, ISEVEN(COLUMN(G11:T11))))-SUM(FILTER(G11:T11, ISODD(COLUMN(G11:T11)))))*24"),37) -> 37
A12: 10320412 | B12: Bassant Amin | C12: CSR | D12: Production | E12: FT | F12: 3 | G12: 0.375 | H12: 0.75 | I12: 0.375 | J12: 0.75 | K12: 0.375 | L12: 0.75 | M12: 0.375 | N12: 0.75 | O12: 0.375 | P12: 0.75 | Q12: OFF | R12: OFF | S12: OFF | T12: OFF | U12: =IFERROR(__xludf.DUMMYFUNCTION("TO_PURE_NUMBER(SUM(FILTER(G12:T12, ISEVEN(COLUMN(G12:T12))))-SUM(FILTER(G12:T12, ISODD(COLUMN(G12:T12)))))*24"),45) -> 45
A13: 10320418 | B13: Bassant Eissa | C13: CSR | D13: Production | E13: FT | F13: 3 | G13: 0.5 | H13: 0.875 | I13: 0.5 | J13: 0.875 | K13: 0.5 | L13: 0.875 | M13: 0.5 | N13: 0.875 | O13: OFF | P13: OFF | Q13: OFF | R13: OFF | S13: 0.45833333 | T13: 0.66666667 | U13: =IFERROR(__xludf.DUMMYFUNCTION("TO_PURE_NUMBER(SUM(FILTER(G13:T13, ISEVEN(COLUMN(G13:T13))))-SUM(FILTER(G13:T13, ISODD(COLUMN(G13:T13)))))*24"),41) -> 41
A14: 10316618 | B14: Caren Lawendi | C14: CSR | D14: B2B | E14: FT | F14: 1 | G14: 0.375 | H14: 0.75 | I14: AN | J14: AN | K14: 0.375 | L14: 0.75 | M14: 0.375 | N14: 0.75 | O14: 0.375 | P14: 0.75 | Q14: OFF | R14: OFF | S14: OFF | T14: OFF | U14: =IFERROR(__xludf.DUMMYFUNCTION("TO_PURE_NUMBER(SUM(FILTER(G14:T14, ISEVEN(COLUMN(G14:T14))))-SUM(FILTER(G14:T14, ISODD(COLUMN(G14:T14)))))*24"),36) -> 36
A15: 10250963 | B15: Dina Hanafy | C15: CSR | D15: Production | E15: FT | F15: 1 | G15: OFF | H15: OFF | I15: 0.41666667 | J15: 0.83333333 | K15: 0.41666667 | L15: 0.83333333 | M15: 0.41666667 | N15: 0.83333333 | O15: 0.41666667 | P15: 0.83333333 | Q15: 0.45833333 | R15: 0.66666667 | S15: OFF | T15: OFF | U15: =IFERROR(__xludf.DUMMYFUNCTION("TO_PURE_NUMBER(SUM(FILTER(G15:T15, ISEVEN(COLUMN(G15:T15))))-SUM(FILTER(G15:T15, ISODD(COLUMN(G15:T15)))))*24"),44.9999999999417) -> 45
A16: 10295555 | B16: Duaa Elshareeff | C16: CSR | D16: Production | E16: PT | F16: 2 | G16: AN | H16: AN | I16: OFF | J16: OFF | K16: OFF | L16: OFF | M16: 0.66666667 | N16: 0.875 | O16: 0.66666667 | P16: 0.875 | Q16: 0.45833333 | R16: 0.66666667 | S16: 0.45833333 | T16: 0.66666667 | U16: =IFERROR(__xludf.DUMMYFUNCTION("TO_PURE_NUMBER(SUM(FILTER(G16:T16, ISEVEN(COLUMN(G16:T16))))-SUM(FILTER(G16:T16, ISODD(COLUMN(G16:T16)))))*24"),19.9999999999999) -> 20
A17: 10317520 | B17: Farida Gadalkarim | C17: CSR | D17: Production | E17: FT | F17: 2 | G17: OFF | H17: OFF | I17: 0.375 | J17: 0.79166667 | K17: 0.375 | L17: 0.79166667 | M17: 0.33333333 | N17: 0.75 | O17: 0.33333333 | P17: 0.75 | Q17: 0.41666667 | R17: 0.625 | S17: OFF | T17: OFF | U17: =IFERROR(__xludf.DUMMYFUNCTION("TO_PURE_NUMBER(SUM(FILTER(G17:T17, ISEVEN(COLUMN(G17:T17))))-SUM(FILTER(G17:T17, ISODD(COLUMN(G17:T17)))))*24"),45.0000000000291) -> 45
A18: 10320414 | B18: Fatimaalzahra Hafez | C18: CSR | D18: Production | E18: FT | F18: 3 | G18: OFF | H18: OFF | I18: 0.45833333 | J18: 0.875 | K18: 0.45833333 | L18: 0.875 | M18: 0.45833333 | N18: 0.875 | O18: 0.45833333 | P18: 0.875 | Q18: 0.45833333 | R18: 0.66666667 | S18: OFF | T18: OFF | U18: =IFERROR(__xludf.DUMMYFUNCTION("TO_PURE_NUMBER(SUM(FILTER(G18:T18, ISEVEN(COLUMN(G18:T18))))-SUM(FILTER(G18:T18, ISODD(COLUMN(G18:T18)))))*24"),45.0000000000291) -> 45
A19: 10316681 | B19: Habiba Morsy | C19: Esc Mgr | D19: Production | E19: FT | F19: 1 | G19: 0.375 | H19: 0.75 | I19: 0.375 | J19: 0.75 | K19: 0.375 | L19: 0.75 | M19: 0.375 | N19: 0.75 | O19: 0.375 | P19: 0.75 | Q19: OFF | R19: OFF | S19: OFF | T19: OFF | U19: =IFERROR(__xludf.DUMMYFUNCTION("TO_PURE_NUMBER(SUM(FILTER(G19:T19, ISEVEN(COLUMN(G19:T19))))-SUM(FILTER(G19:T19, ISODD(COLUMN(G19:T19)))))*24"),45) -> 45
A20: 10316650 | B20: Hana Afifi | C20: CSR | D20: Production | E20: FT | F20: 2 | G20: AN | H20: AN | I20: AN | J20: AN | K20: 0.5 | L20: 0.875 | M20: 0.5 | N20: 0.875 | O20: 0.5 | P20: 0.875 | Q20: OFF | R20: OFF | S20: OFF | T20: OFF | U20: =IFERROR(__xludf.DUMMYFUNCTION("TO_PURE_NUMBER(SUM(FILTER(G20:T20, ISEVEN(COLUMN(G20:T20))))-SUM(FILTER(G20:T20, ISODD(COLUMN(G20:T20)))))*24"),27) -> 27
A21: 10320416 | B21: Hana Jankiz | C21: CSR | D21: Production | E21: FT | F21: 3 | G21: 0.375 | H21: 0.75 | I21: 0.375 | J21: 0.75 | K21: 0.375 | L21: 0.75 | M21: 0.375 | N21: 0.75 | O21: 0.375 | P21: 0.75 | Q21: OFF | R21: OFF | S21: OFF | T21: OFF | U21: =IFERROR(__xludf.DUMMYFUNCTION("TO_PURE_NUMBER(SUM(FILTER(G21:T21, ISEVEN(COLUMN(G21:T21))))-SUM(FILTER(G21:T21, ISODD(COLUMN(G21:T21)))))*24"),45) -> 45
A22: 10316530 | B22: Hassan Hussain | C22: CSR | D22: Production | E22: FT | F22: 1 | G22: OFF | H22: OFF | I22: 0.375 | J22: 0.79166667 | K22: 0.375 | L22: 0.79166667 | M22: 0.375 | N22: 0.79166667 | O22: 0.375 | P22: 0.79166667 | Q22: 0.45833333 | R22: 0.66666667 | S22: OFF | T22: OFF | U22: =IFERROR(__xludf.DUMMYFUNCTION("TO_PURE_NUMBER(SUM(FILTER(G22:T22, ISEVEN(COLUMN(G22:T22))))-SUM(FILTER(G22:T22, ISODD(COLUMN(G22:T22)))))*24"),45.000000000029) -> 45
A23: 10316680 | B23: Hesham Hussien | C23: CSR | D23: Production | E23: FT | F23: 1 | G23: 0.375 | H23: 0.75 | I23: 0.375 | J23: 0.75 | K23: 0.375 | L23: 0.75 | M23: 0.375 | N23: 0.75 | O23: 0.375 | P23: 0.75 | Q23: OFF | R23: OFF | S23: OFF | T23: OFF | U23: =IFERROR(__xludf.DUMMYFUNCTION("TO_PURE_NUMBER(SUM(FILTER(G23:T23, ISEVEN(COLUMN(G23:T23))))-SUM(FILTER(G23:T23, ISODD(COLUMN(G23:T23)))))*24"),45) -> 45
A24: 10317943 | B24: Hla Badr | C24: CSR | D24: Production | E24: FT | F24: 2 | G24: AN | H24: AN | I24: AN | J24: AN | K24: AN | L24: AN | M24: 0.41666667 | N24: 0.83333333 | O24: OFF | P24: OFF | Q24: OFF | R24: OFF | S24: 0.45833333 | T24: 0.66666667 | U24: =IFERROR(__xludf.DUMMYFUNCTION("TO_PURE_NUMBER(SUM(FILTER(G24:T24, ISEVEN(COLUMN(G24:T24))))-SUM(FILTER(G24:T24, ISODD(COLUMN(G24:T24)))))*24"),15) -> 15
A25: 10250966 | B25: Jumana Ashraf | C25: CSR | D25: Production | E25: FT | F25: 3 | G25: 0.375 | H25: 0.79166667 | I25: 0.375 | J25: 0.79166667 | K25: AN | L25: AN | M25: 0.375 | N25: 0.79166667 | O25: OFF | P25: OFF | Q25: OFF | R25: OFF | S25: 0.45833333 | T25: 0.66666667 | U25: =IFERROR(__xludf.DUMMYFUNCTION("TO_PURE_NUMBER(SUM(FILTER(G25:T25, ISEVEN(COLUMN(G25:T25))))-SUM(FILTER(G25:T25, ISODD(COLUMN(G25:T25)))))*24"),35.0000000000582) -> 35
A26: 10316543 | B26: Khaled Zaafarany | C26: CSR | D26: Production | E26: FT | F26: 1 | G26: 0.375 | H26: 0.79166667 | I26: 0.375 | J26: 0.79166667 | K26: 0.375 | L26: 0.79166667 | M26: 0.375 | N26: 0.79166667 | O26: OFF | P26: OFF | Q26: OFF | R26: OFF | S26: 0.45833333 | T26: 0.66666667 | U26: =IFERROR(__xludf.DUMMYFUNCTION("TO_PURE_NUMBER(SUM(FILTER(G26:T26, ISEVEN(COLUMN(G26:T26))))-SUM(FILTER(G26:T26, ISODD(COLUMN(G26:T26)))))*24"),45.0000000001746) -> 45
A27: 10317153 | B27: Mahmoud Abdelaziz | C27: CSR | D27: Production | E27: FT | F27: 1 | G27: OFF | H27: OFF | I27: 0.45833333 | J27: 0.875 | K27: 0.45833333 | L27: 0.875 | M27: 0.45833333 | N27: 0.875 | O27: 0.45833333 | P27: 0.875 | Q27: 0.45833333 | R27: 0.66666667 | S27: OFF | T27: OFF | U27: =IFERROR(__xludf.DUMMYFUNCTION("TO_PURE_NUMBER(SUM(FILTER(G27:T27, ISEVEN(COLUMN(G27:T27))))-SUM(FILTER(G27:T27, ISODD(COLUMN(G27:T27)))))*24"),45.0000000000291) -> 45
A28: 10317521 | B28: Mariam Gadalkarim | C28: CSR | D28: Production | E28: FT | F28: 2 | G28: OFF | H28: OFF | I28: 0.375 | J28: 0.79166667 | K28: 0.375 | L28: 0.79166667 | M28: 0.33333333 | N28: 0.75 | O28: 0.33333333 | P28: 0.75 | Q28: 0.41666667 | R28: 0.625 | S28: OFF | T28: OFF | U28: =IFERROR(__xludf.DUMMYFUNCTION("TO_PURE_NUMBER(SUM(FILTER(G28:T28, ISEVEN(COLUMN(G28:T28))))-SUM(FILTER(G28:T28, ISODD(COLUMN(G28:T28)))))*24"),45.0000000000291) -> 45
A29: 10317517 | B29: Mariam Hanna | C29: CSR | D29: Production | E29: FT | F29: 2 | G29: OFF | H29: OFF | I29: AN | J29: AN | K29: 0.45833333 | L29: 0.875 | M29: 0.45833333 | N29: 0.875 | O29: 0.45833333 | P29: 0.875 | Q29: 0.45833333 | R29: 0.66666667 | S29: OFF | T29: OFF | U29: =IFERROR(__xludf.DUMMYFUNCTION("TO_PURE_NUMBER(SUM(FILTER(G29:T29, ISEVEN(COLUMN(G29:T29))))-SUM(FILTER(G29:T29, ISODD(COLUMN(G29:T29)))))*24"),35) -> 35
A30: 10252106 | B30: Marinass Elhusseni | C30: CSR | D30: Production | E30: FT | F30: 2 | G30: AN | H30: AN | I30: OFF | J30: OFF | K30: OFF | L30: OFF | M30: 0.5 | N30: 0.875 | O30: AN | P30: AN | Q30: AN | R30: AN | S30: 0.45833333 | T30: 0.66666667 | U30: =IFERROR(__xludf.DUMMYFUNCTION("TO_PURE_NUMBER(SUM(FILTER(G30:T30, ISEVEN(COLUMN(G30:T30))))-SUM(FILTER(G30:T30, ISODD(COLUMN(G30:T30)))))*24"),13.9999999999999) -> 14
A31: 10320407 | B31: Marleen Francis | C31: CSR | D31: Production | E31: FT | F31: 3 | G31: OFF | H31: OFF | I31: 0.45833333 | J31: 0.875 | K31: 0.45833333 | L31: 0.875 | M31: 0.45833333 | N31: 0.875 | O31: 0.45833333 | P31: 0.875 | Q31: 0.45833333 | R31: 0.66666667 | S31: OFF | T31: OFF | U31: =IFERROR(__xludf.DUMMYFUNCTION("TO_PURE_NUMBER(SUM(FILTER(G31:T31, ISEVEN(COLUMN(G31:T31))))-SUM(FILTER(G31:T31, ISODD(COLUMN(G31:T31)))))*24"),45.0000000000291) -> 45
A32: 10320417 | B32: Marwa Nofal | C32: CSR | D32: Production | E32: FT | F32: 3 | G32: 0.45833333 | H32: 0.875 | I32: 0.45833333 | J32: 0.875 | K32: 0.45833333 | L32: 0.875 | M32: 0.45833333 | N32: 0.875 | O32: OFF | P32: OFF | Q32: OFF | R32: OFF | S32: 0.45833333 | T32: 0.66666667 | U32: =IFERROR(__xludf.DUMMYFUNCTION("TO_PURE_NUMBER(SUM(FILTER(G32:T32, ISEVEN(COLUMN(G32:T32))))-SUM(FILTER(G32:T32, ISODD(COLUMN(G32:T32)))))*24"),45.0000000000582) -> 45
A33: 10317154 | B33: Mazen Elramlawy | C33: CSR | D33: Production | E33: FT | F33: 3 | G33: 0.41666667 | H33: 0.83333333 | I33: 0.41666667 | J33: 0.83333333 | K33: 0.41666667 | L33: 0.83333333 | M33: 0.41666667 | N33: 0.83333333 | O33: OFF | P33: OFF | Q33: OFF | R33: OFF | S33: 0.41666667 | T33: 0.625 | U33: =IFERROR(__xludf.DUMMYFUNCTION("TO_PURE_NUMBER(SUM(FILTER(G33:T33, ISEVEN(COLUMN(G33:T33))))-SUM(FILTER(G33:T33, ISODD(COLUMN(G33:T33)))))*24"),44.9999999998835) -> 45
A34: 10320436 | B34: Mazen Shoukry | C34: CSR | D34: Production | E34: FT | F34: 3 | G34: 0.45833333 | H34: 0.875 | I34: 0.45833333 | J34: 0.875 | K34: 0.45833333 | L34: 0.875 | M34: 0.45833333 | N34: 0.875 | O34: OFF | P34: OFF | Q34: OFF | R34: OFF | S34: 0.45833333 | T34: 0.66666667 | U34: =IFERROR(__xludf.DUMMYFUNCTION("TO_PURE_NUMBER(SUM(FILTER(G34:T34, ISEVEN(COLUMN(G34:T34))))-SUM(FILTER(G34:T34, ISODD(COLUMN(G34:T34)))))*24"),45.0000000000582) -> 45
A35: 10316538 | B35: Mohamed Abdelrahman | C35: CSR | D35: Production | E35: FT | F35: 1 | G35: 0.375 | H35: 0.75 | I35: OFF | J35: OFF | K35: OFF | L35: OFF | M35: 0.375 | N35: 0.75 | O35: 0.375 | P35: 0.75 | Q35: 0.45833333 | R35: 0.66666667 | S35: 0.45833333 | T35: 0.66666667 | U35: =IFERROR(__xludf.DUMMYFUNCTION("TO_PURE_NUMBER(SUM(FILTER(G35:T35, ISEVEN(COLUMN(G35:T35))))-SUM(FILTER(G35:T35, ISODD(COLUMN(G35:T35)))))*24"),37) -> 37
A36: 10293607 | B36: Mohamed Hassan | C36: CSR | D36: Production | E36: FT | F36: 3 | G36: AN | H36: AN | I36: 0.375 | J36: 0.79166667 | K36: AN | L36: AN | M36: 0.375 | N36: 0.79166667 | O36: OFF | P36: OFF | Q36: OFF | R36: OFF | S36: 0.45833333 | T36: 0.66666667 | U36: =IFERROR(__xludf.DUMMYFUNCTION("TO_PURE_NUMBER(SUM(FILTER(G36:T36, ISEVEN(COLUMN(G36:T36))))-SUM(FILTER(G36:T36, ISODD(COLUMN(G36:T36)))))*24"),25.000000000029) -> 25
A37: 10316545 | B37: Nada Mosbah | C37: CSR | D37: Production | E37: FT | F37: 1 | G37: 0.5 | H37: 0.875 | I37: 0.5 | J37: 0.875 | K37: 0.5 | L37: 0.875 | M37: 0.5 | N37: 0.875 | O37: 0.5 | P37: 0.875 | Q37: OFF | R37: OFF | S37: OFF | T37: OFF | U37: =IFERROR(__xludf.DUMMYFUNCTION("TO_PURE_NUMBER(SUM(FILTER(G37:T37, ISEVEN(COLUMN(G37:T37))))-SUM(FILTER(G37:T37, ISODD(COLUMN(G37:T37)))))*24"),45) -> 45
A38: 10316572 | B38: Nadine Morsy | C38: CSR | D38: Production | E38: FT | F38: 2 | G38: 0.33333333 | H38: 0.75 | I38: 0.375 | J38: 0.79166667 | K38: 0.375 | L38: 0.79166667 | M38: 0.375 | N38: 0.79166667 | O38: OFF | P38: OFF | Q38: OFF | R38: OFF | S38: 0.41666667 | T38: 0.625 | U38: =IFERROR(__xludf.DUMMYFUNCTION("TO_PURE_NUMBER(SUM(FILTER(G38:T38, ISEVEN(COLUMN(G38:T38))))-SUM(FILTER(G38:T38, ISODD(COLUMN(G38:T38)))))*24"),45.0000000000582) -> 45
A39: 10316685 | B39: Nouran Noby | C39: Esc Mgr | D39: Production | E39: FT | F39: 1 | G39: 0.375 | H39: 0.75 | I39: 0.375 | J39: 0.75 | K39: 0.375 | L39: 0.75 | M39: 0.375 | N39: 0.75 | O39: 0.375 | P39: 0.75 | Q39: OFF | R39: OFF | S39: OFF | T39: OFF | U39: =IFERROR(__xludf.DUMMYFUNCTION("TO_PURE_NUMBER(SUM(FILTER(G39:T39, ISEVEN(COLUMN(G39:T39))))-SUM(FILTER(G39:T39, ISODD(COLUMN(G39:T39)))))*24"),45) -> 45
A40: 10274446 | B40: Omar Emad | C40: CSR | D40: Production | E40: FT | F40: 2 | G40: 0.5 | H40: 0.875 | I40: OFF | J40: OFF | K40: OFF | L40: OFF | M40: 0.5 | N40: 0.875 | O40: 0.5 | P40: 0.875 | Q40: 0.45833333 | R40: 0.66666667 | S40: 0.45833333 | T40: 0.66666667 | U40: =IFERROR(__xludf.DUMMYFUNCTION("TO_PURE_NUMBER(SUM(FILTER(G40:T40, ISEVEN(COLUMN(G40:T40))))-SUM(FILTER(G40:T40, ISODD(COLUMN(G40:T40)))))*24"),37) -> 37
A41: 10276839 | B41: Reem Alaa | C41: CSR | D41: Production | E41: FT | F41: 2 | G41: 0.45833333 | H41: 0.875 | I41: 0.45833333 | J41: 0.875 | K41: 0.45833333 | L41: 0.875 | M41: 0.45833333 | N41: 0.875 | O41: OFF | P41: OFF | Q41: OFF | R41: OFF | S41: 0.45833333 | T41: 0.66666667 | U41: =IFERROR(__xludf.DUMMYFUNCTION("TO_PURE_NUMBER(SUM(FILTER(G41:T41, ISEVEN(COLUMN(G41:T41))))-SUM(FILTER(G41:T41, ISODD(COLUMN(G41:T41)))))*24"),45.0000000000582) -> 45
A42: 10320419 | B42: Salma Hassan | C42: CSR | D42: Production | E42: FT | F42: 3 | G42: OFF | H42: OFF | I42: 0.45833333 | J42: 0.875 | K42: 0.45833333 | L42: 0.875 | M42: 0.45833333 | N42: 0.875 | O42: 0.45833333 | P42: 0.875 | Q42: 0.45833333 | R42: 0.66666667 | S42: OFF | T42: OFF | U42: =IFERROR(__xludf.DUMMYFUNCTION("TO_PURE_NUMBER(SUM(FILTER(G42:T42, ISEVEN(COLUMN(G42:T42))))-SUM(FILTER(G42:T42, ISODD(COLUMN(G42:T42)))))*24"),45.0000000000291) -> 45
A43: 10316546 | B43: Salma Majed | C43: CSR | D43: Production | E43: FT | F43: 1 | G43: 0.375 | H43: 0.75 | I43: OFF | J43: OFF | K43: OFF | L43: OFF | M43: 0.375 | N43: 0.75 | O43: 0.375 | P43: 0.75 | Q43: 0.45833333 | R43: 0.66666667 | S43: 0.45833333 | T43: 0.66666667 | U43: =IFERROR(__xludf.DUMMYFUNCTION("TO_PURE_NUMBER(SUM(FILTER(G43:T43, ISEVEN(COLUMN(G43:T43))))-SUM(FILTER(G43:T43, ISODD(COLUMN(G43:T43)))))*24"),37) -> 37
A44: 10316551 | B44: Salma Salah | C44: CSR | D44: Production | E44: FT | F44: 1 | G44: 0.375 | H44: 0.79166667 | I44: 0.375 | J44: 0.79166667 | K44: 0.375 | L44: 0.79166667 | M44: 0.375 | N44: 0.79166667 | O44: OFF | P44: OFF | Q44: OFF | R44: OFF | S44: 0.45833333 | T44: 0.66666667 | U44: =IFERROR(__xludf.DUMMYFUNCTION("TO_PURE_NUMBER(SUM(FILTER(G44:T44, ISEVEN(COLUMN(G44:T44))))-SUM(FILTER(G44:T44, ISODD(COLUMN(G44:T44)))))*24"),45.0000000000582) -> 45
A45: 10320435 | B45: Seifeldin Hassan | C45: CSR | D45: Production | E45: FT | F45: 3 | G45: 0.5 | H45: 0.875 | I45: 0.5 | J45: 0.875 | K45: 0.5 | L45: 0.875 | M45: 0.5 | N45: 0.875 | O45: 0.5 | P45: 0.875 | Q45: OFF | R45: OFF | S45: OFF | T45: OFF | U45: =IFERROR(__xludf.DUMMYFUNCTION("TO_PURE_NUMBER(SUM(FILTER(G45:T45, ISEVEN(COLUMN(G45:T45))))-SUM(FILTER(G45:T45, ISODD(COLUMN(G45:T45)))))*24"),45) -> 45
A46: 10316683 | B46: Shahd Abdelaziz | C46: CSR | D46: Production | E46: FT | F46: 1 | G46: 0.5 | H46: 0.875 | I46: 0.5 | J46: 0.875 | K46: 0.5 | L46: 0.875 | M46: 0.5 | N46: 0.875 | O46: 0.5 | P46: 0.875 | Q46: OFF | R46: OFF | S46: OFF | T46: OFF | U46: =IFERROR(__xludf.DUMMYFUNCTION("TO_PURE_NUMBER(SUM(FILTER(G46:T46, ISEVEN(COLUMN(G46:T46))))-SUM(FILTER(G46:T46, ISODD(COLUMN(G46:T46)))))*24"),45) -> 45
A47: 10316540 | B47: Wafaa Elnaby | C47: CSR | D47: B2B | E47: FT | F47: 1 | G47: 0.375 | H47: 0.75 | I47: 0.375 | J47: 0.75 | K47: 0.375 | L47: 0.75 | M47: 0.375 | N47: 0.75 | O47: 0.375 | P47: 0.75 | Q47: OFF | R47: OFF | S47: OFF | T47: OFF | U47: =IFERROR(__xludf.DUMMYFUNCTION("TO_PURE_NUMBER(SUM(FILTER(G47:T47, ISEVEN(COLUMN(G47:T47))))-SUM(FILTER(G47:T47, ISODD(COLUMN(G47:T47)))))*24"),45) -> 45
A48: 10293627 | B48: Yassin Shaker | C48: CSR | D48: Production | E48: FT | F48: 3 | G48: 0.45833333 | H48: 0.875 | I48: 0.45833333 | J48: 0.875 | K48: 0.45833333 | L48: 0.875 | M48: 0.45833333 | N48: 0.875 | O48: OFF | P48: OFF | Q48: OFF | R48: OFF | S48: 0.45833333 | T48: 0.66666667 | U48: =IFERROR(__xludf.DUMMYFUNCTION("TO_PURE_NUMBER(SUM(FILTER(G48:T48, ISEVEN(COLUMN(G48:T48))))-SUM(FILTER(G48:T48, ISODD(COLUMN(G48:T48)))))*24"),45.0000000000582) -> 45
A49: 10320409 | B49: Youssef Eltokhy | C49: CSR | D49: Production | E49: FT | F49: 3 | G49: 0.5 | H49: 0.875 | I49: OFF | J49: OFF | K49: OFF | L49: OFF | M49: 0.375 | N49: 0.75 | O49: 0.375 | P49: 0.75 | Q49: 0.45833333 | R49: 0.66666667 | S49: 0.45833333 | T49: 0.66666667 | U49: =IFERROR(__xludf.DUMMYFUNCTION("TO_PURE_NUMBER(SUM(FILTER(G49:T49, ISEVEN(COLUMN(G49:T49))))-SUM(FILTER(G49:T49, ISODD(COLUMN(G49:T49)))))*24"),37) -> 37
A50: 10317151 | B50: Youssef Shokry | C50: CSR | D50: B2B | E50: FT | F50: 1 | G50: 0.375 | H50: 0.75 | I50: 0.375 | J50: 0.75 | K50: 0.375 | L50: 0.75 | M50: 0.375 | N50: 0.75 | O50: 0.375 | P50: 0.75 | Q50: OFF | R50: OFF | S50: OFF | T50: OFF | U50: =IFERROR(__xludf.DUMMYFUNCTION("TO_PURE_NUMBER(SUM(FILTER(G50:T50, ISEVEN(COLUMN(G50:T50))))-SUM(FILTER(G50:T50, ISODD(COLUMN(G50:T50)))))*24"),45) -> 45
A51: 10317524 | B51: Zeina Ashraf | C51: CSR | D51: Production | E51: FT | F51: 2 | G51: OFF | H51: OFF | I51: 0.375 | J51: 0.79166667 | K51: 0.375 | L51: 0.79166667 | M51: 0.375 | N51: 0.79166667 | O51: 0.375 | P51: 0.79166667 | Q51: 0.45833333 | R51: 0.66666667 | S51: OFF | T51: OFF | U51: =IFERROR(__xludf.DUMMYFUNCTION("TO_PURE_NUMBER(SUM(FILTER(G51:T51, ISEVEN(COLUMN(G51:T51))))-SUM(FILTER(G51:T51, ISODD(COLUMN(G51:T51)))))*24"),45.000000000029) -> 45

Sheet WK2
A1: CIM | B1: Agent Name | C1: Position | D1: Stage | E1: FT/PT | F1: Wave | G1: 45663 | I1: 45664 | K1: 45665 | M1: 45666 | O1: 45667 | Q1: 45668 | S1: 45669
G2: Monday | I2: Tuesday | K2: Wednesday | M2: Thursday | O2: Friday | Q2: Saturday | S2: Sunday
G3: From | H3: To | I3: From | J3: To | K3: From | L3: To | M3: From | N3: To | O3: From | P3: To | Q3: From | R3: To | S3: From | T3: To
A4: 10320410 | B4: Abdelrahman Etman | C4: CSR | D4: Production | E4: FT | F4: 3 | G4: 0.375 | H4: 0.75 | I4: 0.375 | J4: 0.75 | K4: 0.375 | L4: 0.75 | M4: 0.375 | N4: 0.75 | O4: 0.375 | P4: 0.75 | Q4: OFF | R4: OFF | S4: OFF | T4: OFF | U4: =IFERROR(__xludf.DUMMYFUNCTION("TO_PURE_NUMBER(SUM(FILTER(G4:T4, ISEVEN(COLUMN(G4:T4))))-SUM(FILTER(G4:T4, ISODD(COLUMN(G4:T4)))))*24"),45) -> 45
A5: 10320415 | B5: Abdelrahman Ibrahim | C5: CSR | D5: Production | E5: FT | F5: 3 | G5: 0.45833333 | H5: 0.875 | I5: 0.45833333 | J5: 0.875 | K5: 0.45833333 | L5: 0.875 | M5: 0.45833333 | N5: 0.875 | O5: OFF | P5: OFF | Q5: OFF | R5: OFF | S5: 0.45833333 | T5: 0.66666667 | U5: =IFERROR(__xludf.DUMMYFUNCTION("TO_PURE_NUMBER(SUM(FILTER(G5:T5, ISEVEN(COLUMN(G5:T5))))-SUM(FILTER(G5:T5, ISODD(COLUMN(G5:T5)))))*24"),45) -> 45
A6: 10317522 | B6: Ahmed Hisham | C6: CSR | D6: Production | E6: FT | F6: 2 | G6: AN | H6: AN | I6: AN | J6: AN | K6: 0.45833333 | L6: 0.875 | M6: 0.45833333 | N6: 0.875 | O6: OFF | P6: OFF | Q6: OFF | R6: OFF | S6: 0.45833333 | T6: 0.66666667 | U6: =IFERROR(__xludf.DUMMYFUNCTION("TO_PURE_NUMBER(SUM(FILTER(G6:T6, ISEVEN(COLUMN(G6:T6))))-SUM(FILTER(G6:T6, ISODD(COLUMN(G6:T6)))))*24"),24.9999999999999) -> 25
A7: 10316549 | B7: Ahmed Mamdouh | C7: CSR | D7: B2B | E7: FT | F7: 1 | G7: AN | H7: AN | I7: 0.375 | J7: 0.75 | K7: 0.375 | L7: 0.75 | M7: 0.375 | N7: 0.75 | O7: 0.375 | P7: 0.75 | Q7: OFF | R7: OFF | S7: OFF | T7: OFF | U7: =IFERROR(__xludf.DUMMYFUNCTION("TO_PURE_NUMBER(SUM(FILTER(G7:T7, ISEVEN(COLUMN(G7:T7))))-SUM(FILTER(G7:T7, ISODD(COLUMN(G7:T7)))))*24"),36) -> 36
A8: 10320413 | B8: Alaa Abdulshafi | C8: CSR | D8: Production | E8: FT | F8: 3 | G8: 0.45833333 | H8: 0.875 | I8: 0.45833333 | J8: 0.875 | K8: 0.45833333 | L8: 0.875 | M8: 0.45833333 | N8: 0.875 | O8: OFF | P8: OFF | Q8: OFF | R8: OFF | S8: 0.45833333 | T8: 0.66666667 | U8: =IFERROR(__xludf.DUMMYFUNCTION("TO_PURE_NUMBER(SUM(FILTER(G8:T8, ISEVEN(COLUMN(G8:T8))))-SUM(FILTER(G8:T8, ISODD(COLUMN(G8:T8)))))*24"),45) -> 45
A9: 10320408 | B9: Alaa Ali | C9: CSR | D9: Production | E9: FT | F9: 3 | G9: 0.375 | H9: 0.75 | I9: 0.375 | J9: 0.75 | K9: 0.375 | L9: 0.75 | M9: 0.375 | N9: 0.75 | O9: OFF | P9: OFF | Q9: OFF | R9: OFF | S9: 0.45833333 | T9: 0.66666667 | U9: =IFERROR(__xludf.DUMMYFUNCTION("TO_PURE_NUMBER(SUM(FILTER(G9:T9, ISEVEN(COLUMN(G9:T9))))-SUM(FILTER(G9:T9, ISODD(COLUMN(G9:T9)))))*24"),41) -> 41
A10: 10317147 | B10: Asalla Metwally | C10: CSR | D10: Production | E10: FT | F10: 1 | G10: OFF | H10: OFF | I10: 0.45833333 | J10: 0.875 | K10: 0.45833333 | L10: 0.875 | M10: 0.45833333 | N10: 0.875 | O10: 0.45833333 | P10: 0.875 | Q10: 0.45833333 | R10: 0.66666667 | S10: OFF | T10: OFF | U10: =IFERROR(__xludf.DUMMYFUNCTION("TO_PURE_NUMBER(SUM(FILTER(G10:T10, ISEVEN(COLUMN(G10:T10))))-SUM(FILTER(G10:T10, ISODD(COLUMN(G10:T10)))))*24"),45) -> 45
A11: 10272259 | B11: Aya Hassan | C11: CSR | D11: Production | E11: FT | F11: 2 | G11: 0.33333333 | H11: 0.70833333 | I11: OFF | J11: OFF | K11: OFF | L11: OFF | M11: AN | N11: AN | O11: AN | P11: AN | Q11: AN | R11: AN | S11: 0.41666667 | T11: 0.625 | U11: =IFERROR(__xludf.DUMMYFUNCTION("TO_PURE_NUMBER(SUM(FILTER(G11:T11, ISEVEN(COLUMN(G11:T11))))-SUM(FILTER(G11:T11, ISODD(COLUMN(G11:T11)))))*24"),14) -> 14
A12: 10320412 | B12: Bassant Amin | C12: CSR | D12: Production | E12: FT | F12: 3 | G12: 0.5 | H12: 0.875 | I12: 0.5 | J12: 0.875 | K12: 0.5 | L12: 0.875 | M12: 0.5 | N12: 0.875 | O12: 0.5 | P12: 0.875 | Q12: OFF | R12: OFF | S12: OFF | T12: OFF | U12: =IFERROR(__xludf.DUMMYFUNCTION("TO_PURE_NUMBER(SUM(FILTER(G12:T12, ISEVEN(COLUMN(G12:T12))))-SUM(FILTER(G12:T12, ISODD(COLUMN(G12:T12)))))*24"),45) -> 45
A13: 10320418 | B13: Bassant Eissa | C13: CSR | D13: Production | E13: FT | F13: 3 | G13: 0.375 | H13: 0.75 | I13: 0.375 | J13: 0.75 | K13: 0.375 | L13: 0.75 | M13: 0.375 | N13: 0.75 | O13: OFF | P13: OFF | Q13: OFF | R13: OFF | S13: 0.45833333 | T13: 0.66666667 | U13: =IFERROR(__xludf.DUMMYFUNCTION("TO_PURE_NUMBER(SUM(FILTER(G13:T13, ISEVEN(COLUMN(G13:T13))))-SUM(FILTER(G13:T13, ISODD(COLUMN(G13:T13)))))*24"),41) -> 41
A14: 10316618 | B14: Caren Lawendi | C14: CSR | D14: B2B | E14: FT | F14: 1 | G14: AN | H14: AN | I14: AN | J14: AN | K14: 0.5 | L14: 0.875 | M14: 0.5 | N14: 0.875 | O14: 0.5 | P14: 0.875 | Q14: OFF | R14: OFF | S14: OFF | T14: OFF | U14: =IFERROR(__xludf.DUMMYFUNCTION("TO_PURE_NUMBER(SUM(FILTER(G14:T14, ISEVEN(COLUMN(G14:T14))))-SUM(FILTER(G14:T14, ISODD(COLUMN(G14:T14)))))*24"),27) -> 27
A15: 10250963 | B15: Dina Hanafy | C15: CSR | D15: Production | E15: FT | F15: 1 | G15: 0.5 | H15: 0.875 | I15: 0.5 | J15: 0.875 | K15: 0.5 | L15: 0.875 | M15: 0.5 | N15: 0.875 | O15: 0.5 | P15: 0.875 | Q15: OFF | R15: OFF | S15: OFF | T15: OFF | U15: =IFERROR(__xludf.DUMMYFUNCTION("TO_PURE_NUMBER(SUM(FILTER(G15:T15, ISEVEN(COLUMN(G15:T15))))-SUM(FILTER(G15:T15, ISODD(COLUMN(G15:T15)))))*24"),45) -> 45
A16: 10295555 | B16: Duaa Elshareeff | C16: CSR | D16: Production | E16: PT | F16: 2 | G16: 0.66666667 | H16: 0.875 | I16: 0.66666667 | J16: 0.875 | K16: OFF | L16: OFF | M16: OFF | N16: OFF | O16: 0.66666667 | P16: 0.875 | Q16: 0.45833333 | R16: 0.66666667 | S16: 0.45833333 | T16: 0.66666667 | U16: =IFERROR(__xludf.DUMMYFUNCTION("TO_PURE_NUMBER(SUM(FILTER(G16:T16, ISEVEN(COLUMN(G16:T16))))-SUM(FILTER(G16:T16, ISODD(COLUMN(G16:T16)))))*24"),24.9999999999999) -> 25
A17: 10317520 | B17: Farida Gadalkarim | C17: CSR | D17: Production | E17: FT | F17: 2 | G17: OFF | H17: OFF | I17: 0.33333333 | J17: 0.75 | K17: 0.33333333 | L17: 0.75 | M17: 0.33333333 | N17: 0.75 | O17: 0.33333333 | P17: 0.75 | Q17: 0.41666667 | R17: 0.625 | S17: OFF | T17: OFF | U17: =IFERROR(__xludf.DUMMYFUNCTION("TO_PURE_NUMBER(SUM(FILTER(G17:T17, ISEVEN(COLUMN(G17:T17))))-SUM(FILTER(G17:T17, ISODD(COLUMN(G17:T17)))))*24"),45) -> 45
A18: 10320414 | B18: Fatimaalzahra Hafez | C18: CSR | D18: Production | E18: FT | F18: 3 | G18: OFF | H18: OFF | I18: 0.375 | J18: 0.79166667 | K18: 0.375 | L18: 0.79166667 | M18: 0.375 | N18: 0.79166667 | O18: 0.375 | P18: 0.79166667 | Q18: 0.45833333 | R18: 0.66666667 | S18: OFF | T18: OFF | U18: =IFERROR(__xludf.DUMMYFUNCTION("TO_PURE_NUMBER(SUM(FILTER(G18:T18, ISEVEN(COLUMN(G18:T18))))-SUM(FILTER(G18:T18, ISODD(COLUMN(G18:T18)))))*24"),44.9999999999999) -> 45
A19: 10316681 | B19: Habiba Morsy | C19: Esc Mgr | D19: Production | E19: FT | F19: 1 | G19: 0.375 | H19: 0.75 | I19: 0.375 | J19: 0.75 | K19: 0.375 | L19: 0.75 | M19: 0.375 | N19: 0.75 | O19: 0.375 | P19: 0.75 | Q19: OFF | R19: OFF | S19: OFF | T19: OFF | U19: =IFERROR(__xludf.DUMMYFUNCTION("TO_PURE_NUMBER(SUM(FILTER(G19:T19, ISEVEN(COLUMN(G19:T19))))-SUM(FILTER(G19:T19, ISODD(COLUMN(G19:T19)))))*24"),45) -> 45
A20: 10316650 | B20: Hana Afifi | C20: CSR | D20: Production | E20: FT | F20: 2 | G20: 0.375 | H20: 0.79166667 | I20: 0.375 | J20: 0.79166667 | K20: 0.375 | L20: 0.79166667 | M20: 0.375 | N20: 0.79166667 | O20: OFF | P20: OFF | Q20: OFF | R20: OFF | S20: 0.45833333 | T20: 0.66666667 | U20: =IFERROR(__xludf.DUMMYFUNCTION("TO_PURE_NUMBER(SUM(FILTER(G20:T20, ISEVEN(COLUMN(G20:T20))))-SUM(FILTER(G20:T20, ISODD(COLUMN(G20:T20)))))*24"),44.9999999999999) -> 45
A21: 10320416 | B21: Hana Jankiz | C21: CSR | D21: Production | E21: FT | F21: 3 | G21: 0.5 | H21: 0.875 | I21: 0.5 | J21: 0.875 | K21: 0.5 | L21: 0.875 | M21: 0.5 | N21: 0.875 | O21: 0.5 | P21: 0.875 | Q21: OFF | R21: OFF | S21: OFF | T21: OFF | U21: =IFERROR(__xludf.DUMMYFUNCTION("TO_PURE_NUMBER(SUM(FILTER(G21:T21, ISEVEN(COLUMN(G21:T21))))-SUM(FILTER(G21:T21, ISODD(COLUMN(G21:T21)))))*24"),45) -> 45
A22: 10316530 | B22: Hassan Hussain | C22: CSR | D22: Production | E22: FT | F22: 1 | G22: AN | H22: AN | I22: AN | J22: AN | K22: AN | L22: AN | M22: 0.5 | N22: 0.875 | O22: 0.5 | P22: 0.875 | Q22: OFF | R22: OFF | S22: OFF | T22: OFF | U22: =IFERROR(__xludf.DUMMYFUNCTION("TO_PURE_NUMBER(SUM(FILTER(G22:T22, ISEVEN(COLUMN(G22:T22))))-SUM(FILTER(G22:T22, ISODD(COLUMN(G22:T22)))))*24"),18) -> 18
A23: 10316680 | B23: Hesham Hussien | C23: CSR | D23: Production | E23: FT | F23: 1 | G23: 0.5 | H23: 0.875 | I23: 0.5 | J23: 0.875 | K23: 0.5 | L23: 0.875 | M23: 0.5 | N23: 0.875 | O23: 0.5 | P23: 0.875 | Q23: OFF | R23: OFF | S23: OFF | T23: OFF | U23: =IFERROR(__xludf.DUMMYFUNCTION("TO_PURE_NUMBER(SUM(FILTER(G23:T23, ISEVEN(COLUMN(G23:T23))))-SUM(FILTER(G23:T23, ISODD(COLUMN(G23:T23)))))*24"),45) -> 45
A24: 10317943 | B24: Hla Badr | C24: CSR | D24: Production | E24: FT | F24: 2 | G24: 0.45833333 | H24: 0.875 | I24: 0.45833333 | J24: 0.875 | K24: 0.45833333 | L24: 0.875 | M24: 0.45833333 | N24: 0.875 | O24: OFF | P24: OFF | Q24: OFF | R24: OFF | S24: 0.45833333 | T24: 0.66666667 | U24: =IFERROR(__xludf.DUMMYFUNCTION("TO_PURE_NUMBER(SUM(FILTER(G24:T24, ISEVEN(COLUMN(G24:T24))))-SUM(FILTER(G24:T24, ISODD(COLUMN(G24:T24)))))*24"),45) -> 45
A25: 10250966 | B25: Jumana Ashraf | C25: CSR | D25: Production | E25: FT | F25: 3 | G25: 0.45833333 | H25: 0.875 | I25: 0.45833333 | J25: 0.875 | K25: 0.45833333 | L25: 0.875 | M25: 0.45833333 | N25: 0.875 | O25: OFF | P25: OFF | Q25: OFF | R25: OFF | S25: 0.45833333 | T25: 0.66666667 | U25: =IFERROR(__xludf.DUMMYFUNCTION("TO_PURE_NUMBER(SUM(FILTER(G25:T25, ISEVEN(COLUMN(G25:T25))))-SUM(FILTER(G25:T25, ISODD(COLUMN(G25:T25)))))*24"),45) -> 45
A26: 10316543 | B26: Khaled Zaafarany | C26: CSR | D26: Production | E26: FT | F26: 1 | G26: 0.45833333 | H26: 0.875 | I26: 0.45833333 | J26: 0.875 | K26: 0.45833333 | L26: 0.875 | M26: 0.45833333 | N26: 0.875 | O26: OFF | P26: OFF | Q26: OFF | R26: OFF | S26: 0.45833333 | T26: 0.66666667 | U26: =IFERROR(__xludf.DUMMYFUNCTION("TO_PURE_NUMBER(SUM(FILTER(G26:T26, ISEVEN(COLUMN(G26:T26))))-SUM(FILTER(G26:T26, ISODD(COLUMN(G26:T26)))))*24"),45) -> 45
A27: 10317153 | B27: Mahmoud Abdelaziz | C27: CSR | D27: Production | E27: FT | F27: 1 | G27: RS | H27: RS | I27: RS | J27: RS | K27: RS | L27: RS | M27: RS | N27: RS | O27: RS | P27: RS | Q27: RS | R27: RS | S27: RS | T27: RS | U27: =IFERROR(__xludf.DUMMYFUNCTION("TO_PURE_NUMBER(SUM(FILTER(G27:T27, ISEVEN(COLUMN(G27:T27))))-SUM(FILTER(G27:T27, ISODD(COLUMN(G27:T27)))))*24"),0) -> 0
A28: 10317521 | B28: Mariam Gadalkarim | C28: CSR | D28: Production | E28: FT | F28: 2 | G28: OFF | H28: OFF | I28: 0.33333333 | J28: 0.75 | K28: 0.33333333 | L28: 0.75 | M28: 0.33333333 | N28: 0.75 | O28: 0.33333333 | P28: 0.75 | Q28: 0.41666667 | R28: 0.625 | S28: OFF | T28: OFF | U28: =IFERROR(__xludf.DUMMYFUNCTION("TO_PURE_NUMBER(SUM(FILTER(G28:T28, ISEVEN(COLUMN(G28:T28))))-SUM(FILTER(G28:T28, ISODD(COLUMN(G28:T28)))))*24"),45) -> 45
A29: 10317517 | B29: Mariam Hanna | C29: CSR | D29: Production | E29: FT | F29: 2 | G29: 0.375 | H29: 0.75 | I29: AN | J29: AN | K29: AN | L29: AN | M29: 0.375 | N29: 0.75 | O29: 0.375 | P29: 0.75 | Q29: OFF | R29: OFF | S29: OFF | T29: OFF | U29: =IFERROR(__xludf.DUMMYFUNCTION("TO_PURE_NUMBER(SUM(FILTER(G29:T29, ISEVEN(COLUMN(G29:T29))))-SUM(FILTER(G29:T29, ISODD(COLUMN(G29:T29)))))*24"),27) -> 27
A30: 10252106 | B30: Marinass Elhusseni | C30: CSR | D30: Production | E30: FT | F30: 2 | G30: 0.375 | H30: 0.75 | I30: OFF | J30: OFF | K30: OFF | L30: OFF | M30: 0.375 | N30: 0.75 | O30: AN | P30: AN | Q30: AN | R30: AN | S30: 0.45833333 | T30: 0.66666667 | U30: =IFERROR(__xludf.DUMMYFUNCTION("TO_PURE_NUMBER(SUM(FILTER(G30:T30, ISEVEN(COLUMN(G30:T30))))-SUM(FILTER(G30:T30, ISODD(COLUMN(G30:T30)))))*24"),23) -> 23
A31: 10320407 | B31: Marleen Francis | C31: CSR | D31: Production | E31: FT | F31: 3 | G31: OFF | H31: OFF | I31: AN | J31: AN | K31: 0.375 | L31: 0.79166667 | M31: 0.375 | N31: 0.79166667 | O31: 0.375 | P31: 0.79166667 | Q31: 0.45833333 | R31: 0.66666667 | S31: OFF | T31: OFF | U31: =IFERROR(__xludf.DUMMYFUNCTION("TO_PURE_NUMBER(SUM(FILTER(G31:T31, ISEVEN(COLUMN(G31:T31))))-SUM(FILTER(G31:T31, ISODD(COLUMN(G31:T31)))))*24"),35) -> 35
A32: 10320417 | B32: Marwa Nofal | C32: CSR | D32: Production | E32: FT | F32: 3 | G32: 0.375 | H32: 0.79166667 | I32: 0.375 | J32: 0.79166667 | K32: 0.375 | L32: 0.79166667 | M32: 0.375 | N32: 0.79166667 | O32: OFF | P32: OFF | Q32: OFF | R32: OFF | S32: 0.45833333 | T32: 0.66666667 | U32: =IFERROR(__xludf.DUMMYFUNCTION("TO_PURE_NUMBER(SUM(FILTER(G32:T32, ISEVEN(COLUMN(G32:T32))))-SUM(FILTER(G32:T32, ISODD(COLUMN(G32:T32)))))*24"),44.9999999999999) -> 45
A33: 10317154 | B33: Mazen Elramlawy | C33: CSR | D33: Production | E33: FT | F33: 3 | G33: 0.33333333 | H33: 0.75 | I33: 0.33333333 | J33: 0.75 | K33: 0.33333333 | L33: 0.75 | M33: 0.33333333 | N33: 0.75 | O33: OFF | P33: OFF | Q33: OFF | R33: OFF | S33: 0.41666667 | T33: 0.625 | U33: =IFERROR(__xludf.DUMMYFUNCTION("TO_PURE_NUMBER(SUM(FILTER(G33:T33, ISEVEN(COLUMN(G33:T33))))-SUM(FILTER(G33:T33, ISODD(COLUMN(G33:T33)))))*24"),45) -> 45
A34: 10320436 | B34: Mazen Shoukry | C34: CSR | D34: Production | E34: FT | F34: 3 | G34: 0.375 | H34: 0.79166667 | I34: 0.375 | J34: 0.79166667 | K34: 0.375 | L34: 0.79166667 | M34: 0.375 | N34: 0.79166667 | O34: OFF | P34: OFF | Q34: OFF | R34: OFF | S34: 0.45833333 | T34: 0.66666667 | U34: =IFERROR(__xludf.DUMMYFUNCTION("TO_PURE_NUMBER(SUM(FILTER(G34:T34, ISEVEN(COLUMN(G34:T34))))-SUM(FILTER(G34:T34, ISODD(COLUMN(G34:T34)))))*24"),44.9999999999999) -> 45
A35: 10316538 | B35: Mohamed Abdelrahman | C35: CSR | D35: Production | E35: FT | F35: 1 | G35: 0.5 | H35: 0.875 | I35: 0.5 | J35: 0.875 | K35: OFF | L35: OFF | M35: OFF | N35: OFF | O35: 0.5 | P35: 0.875 | Q35: 0.45833333 | R35: 0.66666667 | S35: 0.45833333 | T35: 0.66666667 | U35: =IFERROR(__xludf.DUMMYFUNCTION("TO_PURE_NUMBER(SUM(FILTER(G35:T35, ISEVEN(COLUMN(G35:T35))))-SUM(FILTER(G35:T35, ISODD(COLUMN(G35:T35)))))*24"),37) -> 37
A36: 10293607 | B36: Mohamed Hassan | C36: CSR | D36: Production | E36: FT | F36: 3 | G36: 0.45833333 | H36: 0.875 | I36: 0.45833333 | J36: 0.875 | K36: 0.45833333 | L36: 0.875 | M36: 0.45833333 | N36: 0.875 | O36: OFF | P36: OFF | Q36: OFF | R36: OFF | S36: 0.45833333 | T36: 0.66666667 | U36: =IFERROR(__xludf.DUMMYFUNCTION("TO_PURE_NUMBER(SUM(FILTER(G36:T36, ISEVEN(COLUMN(G36:T36))))-SUM(FILTER(G36:T36, ISODD(COLUMN(G36:T36)))))*24"),45) -> 45
A37: 10316545 | B37: Nada Mosbah | C37: CSR | D37: Production | E37: FT | F37: 1 | G37: 0.375 | H37: 0.75 | I37: 0.375 | J37: 0.75 | K37: 0.375 | L37: 0.75 | M37: 0.375 | N37: 0.75 | O37: 0.375 | P37: 0.75 | Q37: OFF | R37: OFF | S37: OFF | T37: OFF | U37: =IFERROR(__xludf.DUMMYFUNCTION("TO_PURE_NUMBER(SUM(FILTER(G37:T37, ISEVEN(COLUMN(G37:T37))))-SUM(FILTER(G37:T37, ISODD(COLUMN(G37:T37)))))*24"),45) -> 45
A38: 10316572 | B38: Nadine Morsy | C38: CSR | D38: Production | E38: FT | F38: 2 | G38: 0.33333333 | H38: 0.75 | I38: 0.375 | J38: 0.79166667 | K38: 0.375 | L38: 0.79166667 | M38: 0.375 | N38: 0.79166667 | O38: OFF | P38: OFF | Q38: OFF | R38: OFF | S38: 0.41666667 | T38: 0.625 | U38: =IFERROR(__xludf.DUMMYFUNCTION("TO_PURE_NUMBER(SUM(FILTER(G38:T38, ISEVEN(COLUMN(G38:T38))))-SUM(FILTER(G38:T38, ISODD(COLUMN(G38:T38)))))*24"),44.9999999999999) -> 45
A39: 10316685 | B39: Nouran Noby | C39: Esc Mgr | D39: Production | E39: FT | F39: 1 | G39: 0.5 | H39: 0.875 | I39: 0.5 | J39: 0.875 | K39: 0.5 | L39: 0.875 | M39: 0.5 | N39: 0.875 | O39: 0.5 | P39: 0.875 | Q39: OFF | R39: OFF | S39: OFF | T39: OFF | U39: =IFERROR(__xludf.DUMMYFUNCTION("TO_PURE_NUMBER(SUM(FILTER(G39:T39, ISEVEN(COLUMN(G39:T39))))-SUM(FILTER(G39:T39, ISODD(COLUMN(G39:T39)))))*24"),45) -> 45
A40: 10274446 | B40: Omar Emad | C40: CSR | D40: Production | E40: FT | F40: 2 | G40: 0.375 | H40: 0.75 | I40: 0.375 | J40: 0.75 | K40: OFF | L40: OFF | M40: OFF | N40: OFF | O40: 0.375 | P40: 0.75 | Q40: 0.45833333 | R40: 0.66666667 | S40: 0.45833333 | T40: 0.66666667 | U40: =IFERROR(__xludf.DUMMYFUNCTION("TO_PURE_NUMBER(SUM(FILTER(G40:T40, ISEVEN(COLUMN(G40:T40))))-SUM(FILTER(G40:T40, ISODD(COLUMN(G40:T40)))))*24"),37) -> 37
A41: 10276839 | B41: Reem Alaa | C41: CSR | D41: Production | E41: FT | F41: 2 | G41: 0.45833333 | H41: 0.875 | I41: 0.45833333 | J41: 0.875 | K41: 0.45833333 | L41: 0.875 | M41: 0.45833333 | N41: 0.875 | O41: OFF | P41: OFF | Q41: OFF | R41: OFF | S41: 0.45833333 | T41: 0.66666667 | U41: =IFERROR(__xludf.DUMMYFUNCTION("TO_PURE_NUMBER(SUM(FILTER(G41:T41, ISEVEN(COLUMN(G41:T41))))-SUM(FILTER(G41:T41, ISODD(COLUMN(G41:T41)))))*24"),45) -> 45
A42: 10320419 | B42: Salma Hassan | C42: CSR | D42: Production | E42: FT | F42: 3 | G42: OFF | H42: OFF | I42: 0.375 | J42: 0.79166667 | K42: 0.375 | L42: 0.79166667 | M42: 0.375 | N42: 0.79166667 | O42: 0.375 | P42: 0.79166667 | Q42: 0.45833333 | R42: 0.66666667 | S42: OFF | T42: OFF | U42: =IFERROR(__xludf.DUMMYFUNCTION("TO_PURE_NUMBER(SUM(FILTER(G42:T42, ISEVEN(COLUMN(G42:T42))))-SUM(FILTER(G42:T42, ISODD(COLUMN(G42:T42)))))*24"),44.9999999999999) -> 45
A43: 10316546 | B43: Salma Majed | C43: CSR | D43: Production | E43: FT | F43: 1 | G43: DT | H43: DT | I43: DT | J43: DT | K43: DT | L43: DT | M43: DT | N43: DT | O43: DT | P43: DT | Q43: DT | R43: DT | S43: DT | T43: DT | U43: =IFERROR(__xludf.DUMMYFUNCTION("TO_PURE_NUMBER(SUM(FILTER(G43:T43, ISEVEN(COLUMN(G43:T43))))-SUM(FILTER(G43:T43, ISODD(COLUMN(G43:T43)))))*24"),0) -> 0
A44: 10316551 | B44: Salma Salah | C44: CSR | D44: Production | E44: FT | F44: 1 | G44: 0.45833333 | H44: 0.875 | I44: 0.45833333 | J44: 0.875 | K44: 0.45833333 | L44: 0.875 | M44: 0.45833333 | N44: 0.875 | O44: OFF | P44: OFF | Q44: OFF | R44: OFF | S44: 0.45833333 | T44: 0.66666667 | U44: =IFERROR(__xludf.DUMMYFUNCTION("TO_PURE_NUMBER(SUM(FILTER(G44:T44, ISEVEN(COLUMN(G44:T44))))-SUM(FILTER(G44:T44, ISODD(COLUMN(G44:T44)))))*24"),45) -> 45
A45: 10320435 | B45: Seifeldin Hassan | C45: CSR | D45: Production | E45: FT | F45: 3 | G45: 0.375 | H45: 0.75 | I45: 0.375 | J45: 0.75 | K45: 0.375 | L45: 0.75 | M45: 0.375 | N45: 0.75 | O45: 0.375 | P45: 0.75 | Q45: OFF | R45: OFF | S45: OFF | T45: OFF | U45: =IFERROR(__xludf.DUMMYFUNCTION("TO_PURE_NUMBER(SUM(FILTER(G45:T45, ISEVEN(COLUMN(G45:T45))))-SUM(FILTER(G45:T45, ISODD(COLUMN(G45:T45)))))*24"),45) -> 45
A46: 10316683 | B46: Shahd Abdelaziz | C46: CSR | D46: Production | E46: FT | F46: 1 | G46: 0.375 | H46: 0.75 | I46: 0.375 | J46: 0.75 | K46: 0.375 | L46: 0.75 | M46: 0.375 | N46: 0.75 | O46: 0.375 | P46: 0.75 | Q46: OFF | R46: OFF | S46: OFF | T46: OFF | U46: =IFERROR(__xludf.DUMMYFUNCTION("TO_PURE_NUMBER(SUM(FILTER(G46:T46, ISEVEN(COLUMN(G46:T46))))-SUM(FILTER(G46:T46, ISODD(COLUMN(G46:T46)))))*24"),45) -> 45
A47: 10316540 | B47: Wafaa Elnaby | C47: CSR | D47: B2B | E47: FT | F47: 1 | G47: AN | H47: AN | I47: 0.5 | J47: 0.875 | K47: 0.5 | L47: 0.875 | M47: 0.5 | N47: 0.875 | O47: 0.5 | P47: 0.875 | Q47: OFF | R47: OFF | S47: OFF | T47: OFF | U47: =IFERROR(__xludf.DUMMYFUNCTION("TO_PURE_NUMBER(SUM(FILTER(G47:T47, ISEVEN(COLUMN(G47:T47))))-SUM(FILTER(G47:T47, ISODD(COLUMN(G47:T47)))))*24"),36) -> 36
A48: 10293627 | B48: Yassin Shaker | C48: CSR | D48: Production | E48: FT | F48: 3 | G48: 0.375 | H48: 0.79166667 | I48: 0.375 | J48: 0.79166667 | K48: 0.375 | L48: 0.79166667 | M48: 0.375 | N48: 0.79166667 | O48: OFF | P48: OFF | Q48: OFF | R48: OFF | S48: 0.45833333 | T48: 0.66666667 | U48: =IFERROR(__xludf.DUMMYFUNCTION("TO_PURE_NUMBER(SUM(FILTER(G48:T48, ISEVEN(COLUMN(G48:T48))))-SUM(FILTER(G48:T48, ISODD(COLUMN(G48:T48)))))*24"),44.9999999999999) -> 45
A49: 10320409 | B49: Youssef Eltokhy | C49: CSR | D49: Production | E49: FT | F49: 3 | G49: 0.5 | H49: 0.875 | I49: OFF | J49: OFF | K49: OFF | L49: OFF | M49: 0.5 | N49: 0.875 | O49: 0.5 | P49: 0.875 | Q49: 0.45833333 | R49: 0.66666667 | S49: 0.45833333 | T49: 0.66666667 | U49: =IFERROR(__xludf.DUMMYFUNCTION("TO_PURE_NUMBER(SUM(FILTER(G49:T49, ISEVEN(COLUMN(G49:T49))))-SUM(FILTER(G49:T49, ISODD(COLUMN(G49:T49)))))*24"),37) -> 37
A50: 10317151 | B50: Youssef Shokry | C50: CSR | D50: B2B | E50: FT | F50: 1 | G50: AN | H50: AN | I50: 0.375 | J50: 0.75 | K50: 0.375 | L50: 0.75 | M50: 0.375 | N50: 0.75 | O50: 0.375 | P50: 0.75 | Q50: OFF | R50: OFF | S50: OFF | T50: OFF | U50: =IFERROR(__xludf.DUMMYFUNCTION("TO_PURE_NUMBER(SUM(FILTER(G50:T50, ISEVEN(COLUMN(G50:T50))))-SUM(FILTER(G50:T50, ISODD(COLUMN(G50:T50)))))*24"),36) -> 36
A51: 10317524 | B51: Zeina Ashraf | C51: CSR | D51: Production | E51: FT | F51: 2 | G51: OFF | H51: OFF | I51: 0.45833333 | J51: 0.875 | K51: 0.45833333 | L51: 0.875 | M51: 0.45833333 | N51: 0.875 | O51: 0.45833333 | P51: 0.875 | Q51: 0.45833333 | R51: 0.66666667 | S51: OFF | T51: OFF | U51: =IFERROR(__xludf.DUMMYFUNCTION("TO_PURE_NUMBER(SUM(FILTER(G51:T51, ISEVEN(COLUMN(G51:T51))))-SUM(FILTER(G51:T51, ISODD(COLUMN(G51:T51)))))*24"),45) -> 45

Sheet WK 52
A1: CIM | B1: Agent Name | C1: Position | D1: Stage | E1: FT/PT | F1: Wave | G1: 45649 | I1: 45650 | K1: 45651 | M1: 45652 | O1: 45653 | Q1: 45654 | S1: 45655
G2: Monday | I2: Tuesday | K2: Wednesday | M2: Thursday | O2: Friday | Q2: Saturday | S2: Sunday
G3: From | H3: To | I3: From | J3: To | K3: From | L3: To | M3: From | N3: To | O3: From | P3: To | Q3: From | R3: To | S3: From | T3: To
A4: 10320410 | B4: Abdelrahman Etman | C4: CSR | D4: Production | E4: FT | F4: 3 | G4: 0.375 | H4: 0.75 | I4: 0.375 | J4: 0.75 | K4: 0.375 | L4: 0.75 | M4: 0.375 | N4: 0.75 | O4: 0.375 | P4: 0.75 | Q4: OFF | R4: OFF | S4: OFF | T4: OFF
A5: 10320415 | B5: Abdelrahman Ibrahim | C5: CSR | D5: Production | E5: FT | F5: 3 | G5: 0.5 | H5: 0.875 | I5: 0.5 | J5: 0.875 | K5: 0.5 | L5: 0.875 | M5: 0.5 | N5: 0.875 | O5: 0.5 | P5: 0.875 | Q5: OFF | R5: OFF | S5: OFF | T5: OFF
A6: 10317522 | B6: Ahmed Hisham | C6: CSR | D6: Production | E6: FT | F6: 2 | G6: 0.5 | H6: 0.875 | I6: 0.5 | J6: 0.875 | K6: 0.5 | L6: 0.875 | M6: 0.5 | N6: 0.875 | O6: 0.5 | P6: 0.875 | Q6: OFF | R6: OFF | S6: OFF | T6: OFF
A7: 10316549 | B7: Ahmed Mamdouh | C7: CSR | D7: B2B | E7: FT | F7: 1 | G7: 0.375 | H7: 0.75 | I7: 0.375 | J7: 0.75 | K7: 0.375 | L7: 0.75 | M7: 0.375 | N7: 0.75 | O7: 0.375 | P7: 0.75 | Q7: OFF | R7: OFF | S7: OFF | T7: OFF
A8: 10320413 | B8: Alaa Abdulshafi | C8: CSR | D8: Production | E8: FT | F8: 3 | G8: 0.45833333 | H8: 0.875 | I8: 0.45833333 | J8: 0.875 | K8: 0.45833333 | L8: 0.875 | M8: 0.45833333 | N8: 0.875 | O8: OFF | P8: OFF | Q8: OFF | R8: OFF | S8: 0.45833333 | T8: 0.66666667
A9: 10320408 | B9: Alaa Ali | C9: CSR | D9: Production | E9: FT | F9: 3 | G9: 0.5 | H9: 0.875 | I9: 0.5 | J9: 0.875 | K9: 0.5 | L9: 0.875 | M9: 0.5 | N9: 0.875 | O9: OFF | P9: OFF | Q9: OFF | R9: OFF | S9: 0.45833333 | T9: 0.66666667
A10: 10317147 | B10: Asalla Metwally | C10: CSR | D10: Production | E10: FT | F10: 1 | G10: OFF | H10: OFF | I10: 0.45833333 | J10: 0.875 | K10: 0.45833333 | L10: 0.875 | M10: 0.45833333 | N10: 0.875 | O10: 0.45833333 | P10: 0.875 | Q10: 0.45833333 | R10: 0.66666667 | S10: OFF | T10: OFF
A11: 10272259 | B11: Aya Hassan | C11: CSR | D11: Production | E11: FT | F11: 2 | G11: 0.5 | H11: 0.875 | I11: OFF | J11: OFF | K11: OFF | L11: OFF | M11: 0.5 | N11: 0.875 | O11: 0.5 | P11: 0.875 | Q11: 0.45833333 | R11: 0.66666667 | S11: 0.45833333 | T11: 0.66666667
A12: 10320412 | B12: Bassant Amin | C12: CSR | D12: Production | E12: FT | F12: 3 | G12: 0.5 | H12: 0.875 | I12: 0.5 | J12: 0.875 | K12: 0.5 | L12: 0.875 | M12: 0.5 | N12: 0.875 | O12: 0.5 | P12: 0.875 | Q12: OFF | R12: OFF | S12: OFF | T12: OFF
A13: 10320418 | B13: Bassant Eissa | C13: CSR | D13: Production | E13: FT | F13: 3 | G13: 0.375 | H13: 0.75 | I13: 0.375 | J13: 0.75 | K13: 0.375 | L13: 0.75 | M13: 0.375 | N13: 0.75 | O13: OFF | P13: OFF | Q13: OFF | R13: OFF | S13: 0.45833333 | T13: 0.66666667
A14: 10316618 | B14: Caren Lawendi | C14: CSR | D14: B2B | E14: FT | F14: 1 | G14: 0.375 | H14: 0.75 | I14: 0.375 | J14: 0.75 | K14: 0.375 | L14: 0.75 | M14: 0.375 | N14: 0.75 | O14: 0.375 | P14: 0.75 | Q14: OFF | R14: OFF | S14: OFF | T14: OFF
A15: 10250963 | B15: Dina Hanafy | C15: CSR | D15: Production | E15: FT | F15: 1 | G15: OFF | H15: OFF | I15: 0.45833333 | J15: 0.875 | K15: 0.45833333 | L15: 0.875 | M15: 0.45833333 | N15: 0.875 | O15: 0.45833333 | P15: 0.875 | Q15: 0.45833333 | R15: 0.66666667 | S15: OFF | T15: OFF
A16: 10295555 | B16: Duaa Elshareeff | C16: CSR | D16: Production | E16: PT | F16: 2 | G16: 0.375 | H16: 0.58333333 | I16: 0.375 | J16: 0.58333333 | K16: OFF | L16: OFF | M16: OFF | N16: OFF | O16: 0.375 | P16: 0.58333333 | Q16: 0.45833333 | R16: 0.66666667 | S16: 0.45833333 | T16: 0.66666667
A17: 10317520 | B17: Farida Gadalkarim | C17: CSR | D17: Production | E17: FT | F17: 2 | G17: OFF | H17: OFF | I17: AN | J17: AN | K17: AN | L17: AN | M17: AN | N17: AN | O17: 0.33333333 | P17: 0.75 | Q17: 0.41666667 | R17: 0.625 | S17: OFF | T17: OFF
A18: 10320414 | B18: Fatimaalzahra Hafez | C18: CSR | D18: Production | E18: FT | F18: 3 | G18: OFF | H18: OFF | I18: 0.375 | J18: 0.79166667 | K18: 0.375 | L18: 0.79166667 | M18: 0.375 | N18: 0.79166667 | O18: 0.375 | P18: 0.79166667 | Q18: 0.45833333 | R18: 0.66666667 | S18: OFF | T18: OFF
A19: 10316681 | B19: Habiba Morsy | C19: Esc Mgr | D19: Production | E19: FT | F19: 1 | G19: 0.375 | H19: 0.75 | I19: 0.375 | J19: 0.75 | K19: 0.375 | L19: 0.75 | M19: 0.375 | N19: 0.75 | O19: 0.375 | P19: 0.75 | Q19: OFF | R19: OFF | S19: OFF | T19: OFF
A20: 10316650 | B20: Hana Afifi | C20: CSR | D20: Production | E20: FT | F20: 2 | G20: 0.375 | H20: 0.79166667 | I20: 0.375 | J20: 0.79166667 | K20: 0.375 | L20: 0.79166667 | M20: 0.375 | N20: 0.79166667 | O20: OFF | P20: OFF | Q20: OFF | R20: OFF | S20: 0.45833333 | T20: 0.66666667
A21: 10320416 | B21: Hana Jankiz | C21: CSR | D21: Production | E21: FT | F21: 3 | G21: 0.5 | H21: 0.875 | I21: 0.5 | J21: 0.875 | K21: 0.5 | L21: 0.875 | M21: 0.5 | N21: 0.875 | O21: 0.5 | P21: 0.875 | Q21: OFF | R21: OFF | S21: OFF | T21: OFF
A22: 10316530 | B22: Hassan Hussain | C22: CSR | D22: Production | E22: FT | F22: 1 | G22: OFF | H22: OFF | I22: 0.45833333 | J22: 0.875 | K22: 0.45833333 | L22: 0.875 | M22: 0.45833333 | N22: 0.875 | O22: 0.45833333 | P22: 0.875 | Q22: 0.45833333 | R22: 0.66666667 | S22: OFF | T22: OFF
A23: 10316680 | B23: Hesham Hussien | C23: CSR | D23: Production | E23: FT | F23: 1 | G23: 0.5 | H23: 0.875 | I23: 0.5 | J23: 0.875 | K23: 0.5 | L23: 0.875 | M23: 0.5 | N23: 0.875 | O23: 0.5 | P23: 0.875 | Q23: OFF | R23: OFF | S23: OFF | T23: OFF
A24: 10317943 | B24: Hla Badr | C24: CSR | D24: Production | E24: FT | F24: 2 | G24: 0.5 | H24: 0.875 | I24: 0.5 | J24: 0.875 | K24: 0.5 | L24: 0.875 | M24: 0.5 | N24: 0.875 | O24: 0.5 | P24: 0.875 | Q24: OFF | R24: OFF | S24: OFF | T24: OFF
A25: 10250966 | B25: Jumana Ashraf | C25: CSR | D25: Production | E25: FT | F25: 3 | G25: 0.5 | H25: 0.875 | I25: 0.5 | J25: 0.875 | K25: 0.5 | L25: 0.875 | M25: 0.5 | N25: 0.875 | O25: 0.5 | P25: 0.875 | Q25: OFF | R25: OFF | S25: OFF | T25: OFF
A26: 10316543 | B26: Khaled Zaafarany | C26: CSR | D26: Production | E26: FT | F26: 1 | G26: 0.45833333 | H26: 0.875 | I26: 0.45833333 | J26: 0.875 | K26: 0.45833333 | L26: 0.875 | M26: 0.45833333 | N26: 0.875 | O26: OFF | P26: OFF | Q26: OFF | R26: OFF | S26: 0.45833333 | T26: 0.66666667 | U26: =IFERROR(__xludf.DUMMYFUNCTION("TO_PURE_NUMBER(SUM(FILTER(G26:T26, ISEVEN(COLUMN(G26:T26))))-SUM(FILTER(G26:T26, ISODD(COLUMN(G26:T26)))))*24"),45.0000000001746) -> 45
A27: 10317153 | B27: Mahmoud Abdelaziz | C27: CSR | D27: Production | E27: FT | F27: 1 | G27: OFF | H27: OFF | I27: 0.375 | J27: 0.79166667 | K27: 0.375 | L27: 0.79166667 | M27: 0.375 | N27: 0.79166667 | O27: 0.375 | P27: 0.79166667 | Q27: 0.45833333 | R27: 0.66666667 | S27: OFF | T27: OFF
A28: 10317521 | B28: Mariam Gadalkarim | C28: CSR | D28: Production | E28: FT | F28: 2 | G28: OFF | H28: OFF | I28: AN | J28: AN | K28: AN | L28: AN | M28: AN | N28: AN | O28: 0.33333333 | P28: 0.75 | Q28: 0.41666667 | R28: 0.625 | S28: OFF | T28: OFF
A29: 10317517 | B29: Mariam Hanna | C29: CSR | D29: Production | E29: FT | F29: 2 | G29: OFF | H29: OFF | I29: 0.375 | J29: 0.79166667 | K29: 0.375 | L29: 0.79166667 | M29: 0.375 | N29: 0.79166667 | O29: 0.375 | P29: 0.79166667 | Q29: 0.45833333 | R29: 0.66666667 | S29: OFF | T29: OFF
A30: 10252106 | B30: Marinass Elhusseni | C30: CSR | D30: Production | E30: FT | F30: 2 | G30: AN | H30: AN | I30: OFF | J30: OFF | K30: OFF | L30: OFF | M30: 0.375 | N30: 0.75 | O30: AN | P30: AN | Q30: AN | R30: AN | S30: 0.45833333 | T30: 0.66666667
A31: 10320407 | B31: Marleen Francis | C31: CSR | D31: Production | E31: FT | F31: 3 | G31: OFF | H31: OFF | I31: 0.375 | J31: 0.79166667 | K31: 0.375 | L31: 0.79166667 | M31: 0.375 | N31: 0.79166667 | O31: 0.375 | P31: 0.79166667 | Q31: 0.45833333 | R31: 0.66666667 | S31: OFF | T31: OFF
A32: 10320417 | B32: Marwa Nofal | C32: CSR | D32: Production | E32: FT | F32: 3 | G32: 0.375 | H32: 0.79166667 | I32: 0.375 | J32: 0.79166667 | K32: 0.375 | L32: 0.79166667 | M32: 0.375 | N32: 0.79166667 | O32: OFF | P32: OFF | Q32: OFF | R32: OFF | S32: 0.45833333 | T32: 0.66666667
A33: 10317154 | B33: Mazen Elramlawy | C33: CSR | D33: Production | E33: FT | F33: 3 | G33: 0.33333333 | H33: 0.75 | I33: 0.33333333 | J33: 0.75 | K33: 0.33333333 | L33: 0.75 | M33: 0.33333333 | N33: 0.75 | O33: OFF | P33: OFF | Q33: OFF | R33: OFF | S33: 0.41666667 | T33: 0.625
A34: 10320436 | B34: Mazen Shoukry | C34: CSR | D34: Production | E34: FT | F34: 3 | G34: 0.375 | H34: 0.75 | I34: 0.375 | J34: 0.75 | K34: 0.375 | L34: 0.75 | M34: 0.375 | N34: 0.75 | O34: 0.375 | P34: 0.75 | Q34: OFF | R34: OFF | S34: OFF | T34: OFF
A35: 10316538 | B35: Mohamed Abdelrahman | C35: CSR | D35: Production | E35: FT | F35: 1 | G35: 0.5 | H35: 0.875 | I35: 0.5 | J35: 0.875 | K35: OFF | L35: OFF | M35: OFF | N35: OFF | O35: 0.5 | P35: 0.875 | Q35: 0.45833333 | R35: 0.66666667 | S35: 0.45833333 | T35: 0.66666667
A36: 10293607 | B36: Mohamed Hassan | C36: CSR | D36: Production | E36: FT | F36: 3 | G36: 0.45833333 | H36: 0.875 | I36: 0.45833333 | J36: 0.875 | K36: 0.45833333 | L36: 0.875 | M36: 0.45833333 | N36: 0.875 | O36: OFF | P36: OFF | Q36: OFF | R36: OFF | S36: 0.45833333 | T36: 0.66666667
A37: 10316545 | B37: Nada Mosbah | C37: CSR | D37: Production | E37: FT | F37: 1 | G37: 0.375 | H37: 0.75 | I37: 0.375 | J37: 0.75 | K37: 0.375 | L37: 0.75 | M37: 0.375 | N37: 0.75 | O37: 0.375 | P37: 0.75 | Q37: OFF | R37: OFF | S37: OFF | T37: OFF
A38: 10316572 | B38: Nadine Morsy | C38: CSR | D38: Production | E38: FT | F38: 2 | G38: 0.33333333 | H38: 0.75 | I38: 0.375 | J38: 0.79166667 | K38: 0.375 | L38: 0.79166667 | M38: 0.375 | N38: 0.79166667 | O38: OFF | P38: OFF | Q38: OFF | R38: OFF | S38: 0.41666667 | T38: 0.625
A39: 10316685 | B39: Nouran Noby | C39: Esc Mgr | D39: Production | E39: FT | F39: 1 | G39: 0.375 | H39: 0.75 | I39: 0.375 | J39: 0.75 | K39: 0.375 | L39: 0.75 | M39: 0.375 | N39: 0.75 | O39: 0.375 | P39: 0.75 | Q39: OFF | R39: OFF | S39: OFF | T39: OFF
A40: 10274446 | B40: Omar Emad | C40: CSR | D40: Production | E40: FT | F40: 2 | G40: AN | H40: AN | I40: AN | J40: AN | K40: OFF | L40: OFF | M40: OFF | N40: OFF | O40: 0.375 | P40: 0.75 | Q40: 0.45833333 | R40: 0.66666667 | S40: 0.45833333 | T40: 0.66666667
A41: 10276839 | B41: Reem Alaa | C41: CSR | D41: Production | E41: FT | F41: 2 | G41: 0.375 | H41: 0.79166667 | I41: 0.375 | J41: 0.79166667 | K41: 0.375 | L41: 0.79166667 | M41: 0.375 | N41: 0.79166667 | O41: OFF | P41: OFF | Q41: OFF | R41: OFF | S41: 0.45833333 | T41: 0.66666667
A42: 10320419 | B42: Salma Hassan | C42: CSR | D42: Production | E42: FT | F42: 3 | G42: OFF | H42: OFF | I42: 0.375 | J42: 0.79166667 | K42: 0.375 | L42: 0.79166667 | M42: 0.375 | N42: 0.79166667 | O42: 0.375 | P42: 0.79166667 | Q42: 0.45833333 | R42: 0.66666667 | S42: OFF | T42: OFF
A43: 10316546 | B43: Salma Majed | C43: CSR | D43: Production | E43: FT | F43: 1 | G43: 0.5 | H43: 0.875 | I43: 0.5 | J43: 0.875 | K43: OFF | L43: OFF | M43: OFF | N43: OFF | O43: 0.5 | P43: 0.875 | Q43: 0.45833333 | R43: 0.66666667 | S43: 0.45833333 | T43: 0.66666667
A44: 10316551 | B44: Salma Salah | C44: CSR | D44: Production | E44: FT | F44: 1 | G44: 0.45833333 | H44: 0.875 | I44: 0.45833333 | J44: 0.875 | K44: 0.45833333 | L44: 0.875 | M44: 0.45833333 | N44: 0.875 | O44: OFF | P44: OFF | Q44: OFF | R44: OFF | S44: 0.45833333 | T44: 0.66666667
A45: 10320435 | B45: Seifeldin Hassan | C45: CSR | D45: Production | E45: FT | F45: 3 | G45: 0.5 | H45: 0.875 | I45: 0.5 | J45: 0.875 | K45: 0.5 | L45: 0.875 | M45: 0.5 | N45: 0.875 | O45: 0.5 | P45: 0.875 | Q45: OFF | R45: OFF | S45: OFF | T45: OFF
A46: 10316683 | B46: Shahd Abdelaziz | C46: CSR | D46: Production | E46: FT | F46: 1 | G46: 0.375 | H46: 0.75 | I46: 0.375 | J46: 0.75 | K46: 0.375 | L46: 0.75 | M46: 0.375 | N46: 0.75 | O46: 0.375 | P46: 0.75 | Q46: OFF | R46: OFF | S46: OFF | T46: OFF
A47: 10316540 | B47: Wafaa Elnaby | C47: CSR | D47: B2B | E47: FT | F47: 1 | G47: 0.375 | H47: 0.75 | I47: 0.375 | J47: 0.75 | K47: 0.375 | L47: 0.75 | M47: 0.375 | N47: 0.75 | O47: 0.375 | P47: 0.75 | Q47: OFF | R47: OFF | S47: OFF | T47: OFF
A48: 10293627 | B48: Yassin Shaker | C48: CSR | D48: Production | E48: FT | F48: 3 | G48: 0.375 | H48: 0.79166667 | I48: 0.375 | J48: 0.79166667 | K48: 0.375 | L48: 0.79166667 | M48: 0.375 | N48: 0.79166667 | O48: OFF | P48: OFF | Q48: OFF | R48: OFF | S48: 0.45833333 | T48: 0.66666667
A49: 10320409 | B49: Youssef Eltokhy | C49: CSR | D49: Production | E49: FT | F49: 3 | G49: 0.375 | H49: 0.75 | I49: 0.375 | J49: 0.75 | K49: OFF | L49: OFF | M49: OFF | N49: OFF | O49: 0.375 | P49: 0.75 | Q49: 0.45833333 | R49: 0.66666667 | S49: 0.45833333 | T49: 0.66666667
A50: 10317151 | B50: Youssef Shokry | C50: CSR | D50: B2B | E50: FT | F50: 1 | G50: 0.375 | H50: 0.75 | I50: 0.375 | J50: 0.75 | K50: 0.375 | L50: 0.75 | M50: 0.375 | N50: 0.75 | O50: 0.375 | P50: 0.75 | Q50: OFF | R50: OFF | S50: OFF | T50: OFF
A51: 10317524 | B51: Zeina Ashraf | C51: CSR | D51: Production | E51: FT | F51: 2 | G51: OFF | H51: OFF | I51: 0.45833333 | J51: 0.875 | K51: 0.45833333 | L51: 0.875 | M51: 0.45833333 | N51: 0.875 | O51: 0.45833333 | P51: 0.875 | Q51: 0.45833333 | R51: 0.66666667 | S51: OFF | T51: OFF
A61: CIM | B61: Agent Name | C61: Position | D61: Stage | E61: FT/PT | F61: Wave | G61: 45649 | I61: 45650 | K61: 45651 | M61: 45652 | O61: 45653 | Q61: 45654 | S61: 45655
G62: Monday | I62: Tuesday | K62: Wednesday | M62: Thursday | O62: Friday | Q62: Saturday | S62: Sunday
G63: From | H63: To | I63: From | J63: To | K63: From | L63: To | M63: From | N63: To | O63: From | P63: To | Q63: From | R63: To | S63: From | T63: To
A64: 10317943 | B64: Hla Badr | C64: CSR | D64: Production | E64: FT | F64: 2 | G64: 0.5 | H64: 0.875 | I64: 0.5 | J64: 0.875 | K64: 0.5 | L64: 0.875 | M64: 0.5 | N64: 0.875 | O64: 0.5 | P64: 0.875 | Q64: OFF | R64: OFF | S64: OFF | T64: OFF
A71: CIM | B71: Agent Name | C71: Position | D71: Stage | E71: FT/PT | F71: Wave | G71: 45649 | I71: 45650 | K71: 45651 | M71: 45652 | O71: 45653 | Q71: 45654 | S71: 45655
G72: Monday | I72: Tuesday | K72: Wednesday | M72: Thursday | O72: Friday | Q72: Saturday | S72: Sunday
G73: From | H73: To | I73: From | J73: To | K73: From | L73: To | M73: From | N73: To | O73: From | P73: To | Q73: From | R73: To | S73: From | T73: To
A74: 10317943 | B74: Hla Badr | C74: CSR | D74: Production | E74: FT | F74: 2 | G74: 0.375 | H74: 0.75 | I74: 0.375 | J74: 0.75 | K74: 0.375 | L74: 0.75 | M74: 0.375 | N74: 0.75 | O74: 0.375 | P74: 0.75 | Q74: OFF | R74: OFF | S74: OFF | T74: OFF

Sheet WK 51
G1: 45642 | I1: 45643 | K1: 45644 | M1: 45645 | O1: 45646 | Q1: 45647 | S1: 45648
G2: Monday | I2: Tuesday | K2: Wednesday | M2: Thursday | O2: Friday | Q2: Saturday | S2: Sunday
A3: CIM | B3: Agent Name | C3: Position | D3: Stage | E3: FT/PT | F3: Wave | G3: From | H3: To | I3: From | J3: To | K3: From | L3: To | M3: From | N3: To | O3: From | P3: To | Q3: From | R3: To | S3: From | T3: To
A4: 10320410 | B4: Abdelrahman Etman | C4: {=_xlfn.XLOOKUP($A4,'WK 48'!$A:$A,'WK 48'!C:C,"")} -> CSR | D4: {=_xlfn.XLOOKUP($A4,'WK 48'!$A:$A,'WK 48'!D:D,"")} -> Production | E4: {=_xlfn.XLOOKUP($A4,'WK 48'!$A:$A,'WK 48'!E:E,"")} -> FT | F4: {=_xlfn.XLOOKUP($A4,'WK 48'!$A:$A,'WK 48'!F:F,"")} -> 3 | G4: 0.5 | H4: 0.875 | I4: 0.5 | J4: 0.875 | K4: 0.5 | L4: 0.875 | M4: 0.5 | N4: 0.875 | O4: 0.5 | P4: 0.875 | Q4: OFF | R4: OFF | S4: OFF | T4: OFF | U4: =IFERROR(__xludf.DUMMYFUNCTION("TO_PURE_NUMBER(SUM(FILTER(G4:T4, ISEVEN(COLUMN(G4:T4))))-SUM(FILTER(G4:T4, ISODD(COLUMN(G4:T4)))))*24"),45) -> 45
A5: 10320415 | B5: Abdelrahman Ibrahim | C5: {=_xlfn.XLOOKUP($A5,'WK 48'!A:A,'WK 48'!C:C,"")} -> CSR | D5: {=_xlfn.XLOOKUP($A5,'WK 48'!$A:$A,'WK 48'!D:D,"")} -> Production | E5: {=_xlfn.XLOOKUP($A5,'WK 48'!$A:$A,'WK 48'!E:E,"")} -> FT | F5: {=_xlfn.XLOOKUP($A5,'WK 48'!$A:$A,'WK 48'!F:F,"")} -> 3 | G5: 0.375 | H5: 0.79166667 | I5: 0.375 | J5: 0.79166667 | K5: 0.375 | L5: 0.79166667 | M5: 0.375 | N5: 0.79166667 | O5: OFF | P5: OFF | Q5: OFF | R5: OFF | S5: 0.45833333 | T5: 0.66666667 | U5: =IFERROR(__xludf.DUMMYFUNCTION("TO_PURE_NUMBER(SUM(FILTER(G5:T5, ISEVEN(COLUMN(G5:T5))))-SUM(FILTER(G5:T5, ISODD(COLUMN(G5:T5)))))*24"),45.0000000001746) -> 45
A6: 10317522 | B6: Ahmed Hisham | C6: {=_xlfn.XLOOKUP($A6,'WK 48'!A:A,'WK 48'!C:C,"")} -> CSR | D6: {=_xlfn.XLOOKUP($A6,'WK 48'!$A:$A,'WK 48'!D:D,"")} -> Production | E6: {=_xlfn.XLOOKUP($A6,'WK 48'!$A:$A,'WK 48'!E:E,"")} -> FT | F6: {=_xlfn.XLOOKUP($A6,'WK 48'!$A:$A,'WK 48'!F:F,"")} -> 2 | G6: 0.41666667 | H6: 0.83333333 | I6: 0.41666667 | J6: 0.83333333 | K6: 0.41666667 | L6: 0.83333333 | M6: 0.41666667 | N6: 0.83333333 | O6: OFF | P6: OFF | Q6: OFF | R6: OFF | S6: 0.45833333 | T6: 0.66666667 | U6: =IFERROR(__xludf.DUMMYFUNCTION("TO_PURE_NUMBER(SUM(FILTER(G6:T6, ISEVEN(COLUMN(G6:T6))))-SUM(FILTER(G6:T6, ISODD(COLUMN(G6:T6)))))*24"),44.9999999998253) -> 45
A7: 10316549 | B7: Ahmed Mamdouh | C7: {=_xlfn.XLOOKUP($A7,'WK 48'!A:A,'WK 48'!C:C,"")} -> CSR | D7: {=_xlfn.XLOOKUP($A7,'WK 48'!$A:$A,'WK 48'!D:D,"")} -> B2B | E7: {=_xlfn.XLOOKUP($A7,'WK 48'!$A:$A,'WK 48'!E:E,"")} -> FT | F7: {=_xlfn.XLOOKUP($A7,'WK 48'!$A:$A,'WK 48'!F:F,"")} -> 1 | G7: 0.375 | H7: 0.75 | I7: 0.375 | J7: 0.75 | K7: 0.375 | L7: 0.75 | M7: 0.375 | N7: 0.75 | O7: 0.375 | P7: 0.75 | Q7: OFF | R7: OFF | S7: OFF | T7: OFF | U7: =IFERROR(__xludf.DUMMYFUNCTION("TO_PURE_NUMBER(SUM(FILTER(G7:T7, ISEVEN(COLUMN(G7:T7))))-SUM(FILTER(G7:T7, ISODD(COLUMN(G7:T7)))))*24"),45) -> 45
A8: 10320413 | B8: Alaa Abdulshafi | C8: {=_xlfn.XLOOKUP($A8,'WK 48'!A:A,'WK 48'!C:C,"")} -> CSR | D8: {=_xlfn.XLOOKUP($A8,'WK 48'!$A:$A,'WK 48'!D:D,"")} -> Production | E8: {=_xlfn.XLOOKUP($A8,'WK 48'!$A:$A,'WK 48'!E:E,"")} -> FT | F8: {=_xlfn.XLOOKUP($A8,'WK 48'!$A:$A,'WK 48'!F:F,"")} -> 3 | G8: 0.375 | H8: 0.79166667 | I8: 0.375 | J8: 0.79166667 | K8: 0.375 | L8: 0.79166667 | M8: 0.375 | N8: 0.79166667 | O8: OFF | P8: OFF | Q8: OFF | R8: OFF | S8: 0.45833333 | T8: 0.66666667 | U8: =IFERROR(__xludf.DUMMYFUNCTION("TO_PURE_NUMBER(SUM(FILTER(G8:T8, ISEVEN(COLUMN(G8:T8))))-SUM(FILTER(G8:T8, ISODD(COLUMN(G8:T8)))))*24"),45.0000000001746) -> 45
A9: 10320408 | B9: Alaa Ali | C9: {=_xlfn.XLOOKUP($A9,'WK 48'!A:A,'WK 48'!C:C,"")} -> CSR | D9: {=_xlfn.XLOOKUP($A9,'WK 48'!$A:$A,'WK 48'!D:D,"")} -> Production | E9: {=_xlfn.XLOOKUP($A9,'WK 48'!$A:$A,'WK 48'!E:E,"")} -> FT | F9: {=_xlfn.XLOOKUP($A9,'WK 48'!$A:$A,'WK 48'!F:F,"")} -> 3 | G9: 0.375 | H9: 0.75 | I9: 0.375 | J9: 0.75 | K9: 0.375 | L9: 0.75 | M9: 0.375 | N9: 0.75 | O9: OFF | P9: OFF | Q9: OFF | R9: OFF | S9: 0.45833333 | T9: 0.66666667 | U9: =IFERROR(__xludf.DUMMYFUNCTION("TO_PURE_NUMBER(SUM(FILTER(G9:T9, ISEVEN(COLUMN(G9:T9))))-SUM(FILTER(G9:T9, ISODD(COLUMN(G9:T9)))))*24"),41.0000000000582) -> 41
A10: 10317147 | B10: Asalla Metwally | C10: {=_xlfn.XLOOKUP($A10,'WK 48'!A:A,'WK 48'!C:C,"")} -> CSR | D10: {=_xlfn.XLOOKUP($A10,'WK 48'!$A:$A,'WK 48'!D:D,"")} -> Production | E10: {=_xlfn.XLOOKUP($A10,'WK 48'!$A:$A,'WK 48'!E:E,"")} -> FT | F10: {=_xlfn.XLOOKUP($A10,'WK 48'!$A:$A,'WK 48'!F:F,"")} -> 1 | G10: OFF | H10: OFF | I10: 0.375 | J10: 0.79166667 | K10: 0.375 | L10: 0.79166667 | M10: 0.375 | N10: 0.79166667 | O10: 0.375 | P10: 0.79166667 | Q10: 0.45833333 | R10: 0.66666667 | S10: OFF | T10: OFF | U10: =IFERROR(__xludf.DUMMYFUNCTION("TO_PURE_NUMBER(SUM(FILTER(G10:T10, ISEVEN(COLUMN(G10:T10))))-SUM(FILTER(G10:T10, ISODD(COLUMN(G10:T10)))))*24"),45.0000000001746) -> 45
A11: 10272259 | B11: Aya Hassan | C11: {=_xlfn.XLOOKUP($A11,'WK 48'!A:A,'WK 48'!C:C,"")} -> CSR | D11: {=_xlfn.XLOOKUP($A11,'WK 48'!$A:$A,'WK 48'!D:D,"")} -> Production | E11: {=_xlfn.XLOOKUP($A11,'WK 48'!$A:$A,'WK 48'!E:E,"")} -> FT | F11: {=_xlfn.XLOOKUP($A11,'WK 48'!$A:$A,'WK 48'!F:F,"")} -> 2 | G11: 0.375 | H11: 0.75 | I11: OFF | J11: OFF | K11: OFF | L11: OFF | M11: 0.375 | N11: 0.75 | O11: 0.375 | P11: 0.75 | Q11: 0.45833333 | R11: 0.66666667 | S11: 0.45833333 | T11: 0.66666667 | U11: =IFERROR(__xludf.DUMMYFUNCTION("TO_PURE_NUMBER(SUM(FILTER(G11:T11, ISEVEN(COLUMN(G11:T11))))-SUM(FILTER(G11:T11, ISODD(COLUMN(G11:T11)))))*24"),37.0000000001164) -> 37
A12: 10320412 | B12: Bassant Amin | C12: {=_xlfn.XLOOKUP($A12,'WK 48'!A:A,'WK 48'!C:C,"")} -> CSR | D12: {=_xlfn.XLOOKUP($A12,'WK 48'!$A:$A,'WK 48'!D:D,"")} -> Production | E12: {=_xlfn.XLOOKUP($A12,'WK 48'!$A:$A,'WK 48'!E:E,"")} -> FT | F12: {=_xlfn.XLOOKUP($A12,'WK 48'!$A:$A,'WK 48'!F:F,"")} -> 3 | G12: 0.375 | H12: 0.75 | I12: 0.375 | J12: 0.75 | K12: 0.375 | L12: 0.75 | M12: 0.375 | N12: 0.75 | O12: 0.375 | P12: 0.75 | Q12: OFF | R12: OFF | S12: OFF | T12: OFF | U12: =IFERROR(__xludf.DUMMYFUNCTION("TO_PURE_NUMBER(SUM(FILTER(G12:T12, ISEVEN(COLUMN(G12:T12))))-SUM(FILTER(G12:T12, ISODD(COLUMN(G12:T12)))))*24"),45) -> 45
A13: 10320418 | B13: Bassant Eissa | C13: {=_xlfn.XLOOKUP($A13,'WK 48'!A:A,'WK 48'!C:C,"")} -> CSR | D13: {=_xlfn.XLOOKUP($A13,'WK 48'!$A:$A,'WK 48'!D:D,"")} -> Production | E13: {=_xlfn.XLOOKUP($A13,'WK 48'!$A:$A,'WK 48'!E:E,"")} -> FT | F13: {=_xlfn.XLOOKUP($A13,'WK 48'!$A:$A,'WK 48'!F:F,"")} -> 3 | G13: 0.5 | H13: 0.875 | I13: 0.5 | J13: 0.875 | K13: 0.5 | L13: 0.875 | M13: 0.5 | N13: 0.875 | O13: OFF | P13: OFF | Q13: OFF | R13: OFF | S13: 0.45833333 | T13: 0.66666667 | U13: =IFERROR(__xludf.DUMMYFUNCTION("TO_PURE_NUMBER(SUM(FILTER(G13:T13, ISEVEN(COLUMN(G13:T13))))-SUM(FILTER(G13:T13, ISODD(COLUMN(G13:T13)))))*24"),41.0000000000582) -> 41
A14: 10316618 | B14: Caren Lawendi | C14: {=_xlfn.XLOOKUP($A14,'WK 48'!A:A,'WK 48'!C:C,"")} -> CSR | D14: {=_xlfn.XLOOKUP($A14,'WK 48'!$A:$A,'WK 48'!D:D,"")} -> B2B | E14: {=_xlfn.XLOOKUP($A14,'WK 48'!$A:$A,'WK 48'!E:E,"")} -> FT | F14: {=_xlfn.XLOOKUP($A14,'WK 48'!$A:$A,'WK 48'!F:F,"")} -> 1 | G14: 0.375 | H14: 0.75 | I14: 0.375 | J14: 0.75 | K14: 0.375 | L14: 0.75 | M14: 0.375 | N14: 0.75 | O14: 0.375 | P14: 0.75 | Q14: OFF | R14: OFF | S14: OFF | T14: OFF | U14: =IFERROR(__xludf.DUMMYFUNCTION("TO_PURE_NUMBER(SUM(FILTER(G14:T14, ISEVEN(COLUMN(G14:T14))))-SUM(FILTER(G14:T14, ISODD(COLUMN(G14:T14)))))*24"),45) -> 45
A15: 10250963 | B15: Dina Hanafy | C15: {=_xlfn.XLOOKUP($A15,'WK 48'!A:A,'WK 48'!C:C,"")} -> CSR | D15: {=_xlfn.XLOOKUP($A15,'WK 48'!$A:$A,'WK 48'!D:D,"")} -> Production | E15: {=_xlfn.XLOOKUP($A15,'WK 48'!$A:$A,'WK 48'!E:E,"")} -> FT | F15: {=_xlfn.XLOOKUP($A15,'WK 48'!$A:$A,'WK 48'!F:F,"")} -> 1 | G15: OFF | H15: OFF | I15: 0.375 | J15: 0.79166667 | K15: 0.375 | L15: 0.79166667 | M15: 0.375 | N15: 0.79166667 | O15: 0.375 | P15: 0.79166667 | Q15: 0.45833333 | R15: 0.66666667 | S15: OFF | T15: OFF | U15: =IFERROR(__xludf.DUMMYFUNCTION("TO_PURE_NUMBER(SUM(FILTER(G15:T15, ISEVEN(COLUMN(G15:T15))))-SUM(FILTER(G15:T15, ISODD(COLUMN(G15:T15)))))*24"),45.0000000001746) -> 45
A16: 10295555 | B16: Duaa Elshareeff | C16: {=_xlfn.XLOOKUP($A16,'WK 48'!A:A,'WK 48'!C:C,"")} -> CSR | D16: {=_xlfn.XLOOKUP($A16,'WK 48'!$A:$A,'WK 48'!D:D,"")} -> Production | E16: {=_xlfn.XLOOKUP($A16,'WK 48'!$A:$A,'WK 48'!E:E,"")} -> PT | F16: {=_xlfn.XLOOKUP($A16,'WK 48'!$A:$A,'WK 48'!F:F,"")} -> 2 | G16: 0.66666667 | H16: 0.875 | I16: 0.66666667 | J16: 0.875 | K16: 0.66666667 | L16: 0.875 | M16: OFF | N16: OFF | O16: OFF | P16: OFF | Q16: 0.45833333 | R16: 0.66666667 | S16: 0.45833333 | T16: 0.66666667 | U16: =IFERROR(__xludf.DUMMYFUNCTION("TO_PURE_NUMBER(SUM(FILTER(G16:T16, ISEVEN(COLUMN(G16:T16))))-SUM(FILTER(G16:T16, ISODD(COLUMN(G16:T16)))))*24"),25.0000000000291) -> 25
A17: 10317520 | B17: Farida Gadalkarim | C17: {=_xlfn.XLOOKUP($A17,'WK 48'!A:A,'WK 48'!C:C,"")} -> CSR | D17: {=_xlfn.XLOOKUP($A17,'WK 48'!$A:$A,'WK 48'!D:D,"")} -> Production | E17: {=_xlfn.XLOOKUP($A17,'WK 48'!$A:$A,'WK 48'!E:E,"")} -> FT | F17: {=_xlfn.XLOOKUP($A17,'WK 48'!$A:$A,'WK 48'!F:F,"")} -> 2 | G17: OFF | H17: OFF | I17: 0.33333333 | J17: 0.75 | K17: 0.33333333 | L17: 0.75 | M17: 0.33333333 | N17: 0.75 | O17: 0.33333333 | P17: 0.75 | Q17: 0.41666667 | R17: 0.625 | S17: OFF | T17: OFF | U17: =IFERROR(__xludf.DUMMYFUNCTION("TO_PURE_NUMBER(SUM(FILTER(G17:T17, ISEVEN(COLUMN(G17:T17))))-SUM(FILTER(G17:T17, ISODD(COLUMN(G17:T17)))))*24"),45.0000000000873) -> 45
A18: 10320414 | B18: Fatimaalzahra Hafez | C18: {=_xlfn.XLOOKUP($A18,'WK 48'!A:A,'WK 48'!C:C,"")} -> CSR | D18: {=_xlfn.XLOOKUP($A18,'WK 48'!$A:$A,'WK 48'!D:D,"")} -> Production | E18: {=_xlfn.XLOOKUP($A18,'WK 48'!$A:$A,'WK 48'!E:E,"")} -> FT | F18: {=_xlfn.XLOOKUP($A18,'WK 48'!$A:$A,'WK 48'!F:F,"")} -> 3 | G18: OFF | H18: OFF | I18: 0.45833333 | J18: 0.875 | K18: 0.45833333 | L18: 0.875 | M18: 0.45833333 | N18: 0.875 | O18: 0.45833333 | P18: 0.875 | Q18: 0.45833333 | R18: 0.66666667 | S18: OFF | T18: OFF | U18: =IFERROR(__xludf.DUMMYFUNCTION("TO_PURE_NUMBER(SUM(FILTER(G18:T18, ISEVEN(COLUMN(G18:T18))))-SUM(FILTER(G18:T18, ISODD(COLUMN(G18:T18)))))*24"),45.0000000001746) -> 45
A19: 10316681 | B19: Habiba Morsy | C19: {=_xlfn.XLOOKUP($A19,'WK 48'!A:A,'WK 48'!C:C,"")} -> Esc Mgr | D19: {=_xlfn.XLOOKUP($A19,'WK 48'!$A:$A,'WK 48'!D:D,"")} -> Production | E19: {=_xlfn.XLOOKUP($A19,'WK 48'!$A:$A,'WK 48'!E:E,"")} -> FT | F19: {=_xlfn.XLOOKUP($A19,'WK 48'!$A:$A,'WK 48'!F:F,"")} -> 1 | G19: 0.375 | H19: 0.75 | I19: 0.375 | J19: 0.75 | K19: 0.375 | L19: 0.75 | M19: 0.375 | N19: 0.75 | O19: 0.375 | P19: 0.75 | Q19: OFF | R19: OFF | S19: OFF | T19: OFF | U19: =IFERROR(__xludf.DUMMYFUNCTION("TO_PURE_NUMBER(SUM(FILTER(G19:T19, ISEVEN(COLUMN(G19:T19))))-SUM(FILTER(G19:T19, ISODD(COLUMN(G19:T19)))))*24"),45) -> 45
A20: 10316650 | B20: Hana Afifi | C20: {=_xlfn.XLOOKUP($A20,'WK 48'!A:A,'WK 48'!C:C,"")} -> CSR | D20: {=_xlfn.XLOOKUP($A20,'WK 48'!$A:$A,'WK 48'!D:D,"")} -> Production | E20: {=_xlfn.XLOOKUP($A20,'WK 48'!$A:$A,'WK 48'!E:E,"")} -> FT | F20: {=_xlfn.XLOOKUP($A20,'WK 48'!$A:$A,'WK 48'!F:F,"")} -> 2 | G20: 0.5 | H20: 0.875 | I20: 0.5 | J20: 0.875 | K20: 0.5 | L20: 0.875 | M20: 0.5 | N20: 0.875 | O20: 0.5 | P20: 0.875 | Q20: OFF | R20: OFF | S20: OFF | T20: OFF | U20: =IFERROR(__xludf.DUMMYFUNCTION("TO_PURE_NUMBER(SUM(FILTER(G20:T20, ISEVEN(COLUMN(G20:T20))))-SUM(FILTER(G20:T20, ISODD(COLUMN(G20:T20)))))*24"),45) -> 45
A21: 10320416 | B21: Hana Jankiz | C21: {=_xlfn.XLOOKUP($A21,'WK 48'!A:A,'WK 48'!C:C,"")} -> CSR | D21: {=_xlfn.XLOOKUP($A21,'WK 48'!$A:$A,'WK 48'!D:D,"")} -> Production | E21: {=_xlfn.XLOOKUP($A21,'WK 48'!$A:$A,'WK 48'!E:E,"")} -> FT | F21: {=_xlfn.XLOOKUP($A21,'WK 48'!$A:$A,'WK 48'!F:F,"")} -> 3 | G21: 0.375 | H21: 0.75 | I21: 0.375 | J21: 0.75 | K21: 0.375 | L21: 0.75 | M21: 0.375 | N21: 0.75 | O21: 0.375 | P21: 0.75 | Q21: OFF | R21: OFF | S21: OFF | T21: OFF | U21: =IFERROR(__xludf.DUMMYFUNCTION("TO_PURE_NUMBER(SUM(FILTER(G21:T21, ISEVEN(COLUMN(G21:T21))))-SUM(FILTER(G21:T21, ISODD(COLUMN(G21:T21)))))*24"),45) -> 45
A22: 10316530 | B22: Hassan Hussain | C22: {=_xlfn.XLOOKUP($A22,'WK 48'!A:A,'WK 48'!C:C,"")} -> CSR | D22: {=_xlfn.XLOOKUP($A22,'WK 48'!$A:$A,'WK 48'!D:D,"")} -> Production | E22: {=_xlfn.XLOOKUP($A22,'WK 48'!$A:$A,'WK 48'!E:E,"")} -> FT | F22: {=_xlfn.XLOOKUP($A22,'WK 48'!$A:$A,'WK 48'!F:F,"")} -> 1 | G22: OFF | H22: OFF | I22: 0.375 | J22: 0.79166667 | K22: 0.375 | L22: 0.79166667 | M22: 0.375 | N22: 0.79166667 | O22: 0.375 | P22: 0.79166667 | Q22: 0.45833333 | R22: 0.66666667 | S22: OFF | T22: OFF | U22: =IFERROR(__xludf.DUMMYFUNCTION("TO_PURE_NUMBER(SUM(FILTER(G22:T22, ISEVEN(COLUMN(G22:T22))))-SUM(FILTER(G22:T22, ISODD(COLUMN(G22:T22)))))*24"),45.0000000001746) -> 45
A23: 10316680 | B23: Hesham Hussien | C23: {=_xlfn.XLOOKUP($A23,'WK 48'!A:A,'WK 48'!C:C,"")} -> CSR | D23: {=_xlfn.XLOOKUP($A23,'WK 48'!$A:$A,'WK 48'!D:D,"")} -> Production | E23: {=_xlfn.XLOOKUP($A23,'WK 48'!$A:$A,'WK 48'!E:E,"")} -> FT | F23: {=_xlfn.XLOOKUP($A23,'WK 48'!$A:$A,'WK 48'!F:F,"")} -> 1 | G23: 0.375 | H23: 0.75 | I23: 0.375 | J23: 0.75 | K23: 0.375 | L23: 0.75 | M23: 0.375 | N23: 0.75 | O23: 0.375 | P23: 0.75 | Q23: OFF | R23: OFF | S23: OFF | T23: OFF | U23: =IFERROR(__xludf.DUMMYFUNCTION("TO_PURE_NUMBER(SUM(FILTER(G23:T23, ISEVEN(COLUMN(G23:T23))))-SUM(FILTER(G23:T23, ISODD(COLUMN(G23:T23)))))*24"),45) -> 45
A24: 10317943 | B24: Hla Badr | C24: {=_xlfn.XLOOKUP($A24,'WK 48'!A:A,'WK 48'!C:C,"")} -> CSR | D24: {=_xlfn.XLOOKUP($A24,'WK 48'!$A:$A,'WK 48'!D:D,"")} -> Production | E24: {=_xlfn.XLOOKUP($A24,'WK 48'!$A:$A,'WK 48'!E:E,"")} -> FT | F24: {=_xlfn.XLOOKUP($A24,'WK 48'!$A:$A,'WK 48'!F:F,"")} -> 2 | G24: 0.375 | H24: 0.79166667 | I24: 0.375 | J24: 0.79166667 | K24: 0.375 | L24: 0.79166667 | M24: 0.375 | N24: 0.79166667 | O24: OFF | P24: OFF | Q24: OFF | R24: OFF | S24: 0.45833333 | T24: 0.66666667 | U24: =IFERROR(__xludf.DUMMYFUNCTION("TO_PURE_NUMBER(SUM(FILTER(G24:T24, ISEVEN(COLUMN(G24:T24))))-SUM(FILTER(G24:T24, ISODD(COLUMN(G24:T24)))))*24"),45.0000000001746) -> 45
A25: 10250966 | B25: Jumana Ashraf | C25: {=_xlfn.XLOOKUP($A25,'WK 48'!A:A,'WK 48'!C:C,"")} -> CSR | D25: {=_xlfn.XLOOKUP($A25,'WK 48'!$A:$A,'WK 48'!D:D,"")} -> Production | E25: {=_xlfn.XLOOKUP($A25,'WK 48'!$A:$A,'WK 48'!E:E,"")} -> FT | F25: {=_xlfn.XLOOKUP($A25,'WK 48'!$A:$A,'WK 48'!F:F,"")} -> 3 | G25: 0.375 | H25: 0.79166667 | I25: 0.375 | J25: 0.79166667 | K25: 0.375 | L25: 0.79166667 | M25: 0.375 | N25: 0.79166667 | O25: OFF | P25: OFF | Q25: OFF | R25: OFF | S25: 0.45833333 | T25: 0.66666667 | U25: =IFERROR(__xludf.DUMMYFUNCTION("TO_PURE_NUMBER(SUM(FILTER(G25:T25, ISEVEN(COLUMN(G25:T25))))-SUM(FILTER(G25:T25, ISODD(COLUMN(G25:T25)))))*24"),45.0000000001746) -> 45
A26: 10316543 | B26: Khaled Zaafarany | C26: {=_xlfn.XLOOKUP($A26,'WK 48'!A:A,'WK 48'!C:C,"")} -> CSR | D26: {=_xlfn.XLOOKUP($A26,'WK 48'!$A:$A,'WK 48'!D:D,"")} -> Production | E26: {=_xlfn.XLOOKUP($A26,'WK 48'!$A:$A,'WK 48'!E:E,"")} -> FT | F26: {=_xlfn.XLOOKUP($A26,'WK 48'!$A:$A,'WK 48'!F:F,"")} -> 1 | G26: 0.375 | H26: 0.79166667 | I26: 0.375 | J26: 0.79166667 | K26: 0.375 | L26: 0.79166667 | M26: 0.375 | N26: 0.79166667 | O26: OFF | P26: OFF | Q26: OFF | R26: OFF | S26: 0.45833333 | T26: 0.66666667 | U26: =IFERROR(__xludf.DUMMYFUNCTION("TO_PURE_NUMBER(SUM(FILTER(G26:T26, ISEVEN(COLUMN(G26:T26))))-SUM(FILTER(G26:T26, ISODD(COLUMN(G26:T26)))))*24"),45.0000000001746) -> 45
A27: 10317153 | B27: Mahmoud Abdelaziz | C27: {=_xlfn.XLOOKUP($A27,'WK 48'!A:A,'WK 48'!C:C,"")} -> CSR | D27: {=_xlfn.XLOOKUP($A27,'WK 48'!$A:$A,'WK 48'!D:D,"")} -> Production | E27: {=_xlfn.XLOOKUP($A27,'WK 48'!$A:$A,'WK 48'!E:E,"")} -> FT | F27: {=_xlfn.XLOOKUP($A27,'WK 48'!$A:$A,'WK 48'!F:F,"")} -> 1 | G27: OFF | H27: OFF | I27: 0.45833333 | J27: 0.875 | K27: 0.45833333 | L27: 0.875 | M27: 0.45833333 | N27: 0.875 | O27: 0.45833333 | P27: 0.875 | Q27: 0.45833333 | R27: 0.66666667 | S27: OFF | T27: OFF | U27: =IFERROR(__xludf.DUMMYFUNCTION("TO_PURE_NUMBER(SUM(FILTER(G27:T27, ISEVEN(COLUMN(G27:T27))))-SUM(FILTER(G27:T27, ISODD(COLUMN(G27:T27)))))*24"),45.0000000001746) -> 45
A28: 10317521 | B28: Mariam Gadalkarim | C28: {=_xlfn.XLOOKUP($A28,'WK 48'!A:A,'WK 48'!C:C,"")} -> CSR | D28: {=_xlfn.XLOOKUP($A28,'WK 48'!$A:$A,'WK 48'!D:D,"")} -> Production | E28: {=_xlfn.XLOOKUP($A28,'WK 48'!$A:$A,'WK 48'!E:E,"")} -> FT | F28: {=_xlfn.XLOOKUP($A28,'WK 48'!$A:$A,'WK 48'!F:F,"")} -> 2 | G28: OFF | H28: OFF | I28: 0.33333333 | J28: 0.75 | K28: 0.33333333 | L28: 0.75 | M28: 0.33333333 | N28: 0.75 | O28: 0.33333333 | P28: 0.75 | Q28: 0.41666667 | R28: 0.625 | S28: OFF | T28: OFF | U28: =IFERROR(__xludf.DUMMYFUNCTION("TO_PURE_NUMBER(SUM(FILTER(G28:T28, ISEVEN(COLUMN(G28:T28))))-SUM(FILTER(G28:T28, ISODD(COLUMN(G28:T28)))))*24"),45.0000000000873) -> 45
A29: 10317517 | B29: Mariam Hanna | C29: {=_xlfn.XLOOKUP($A29,'WK 48'!A:A,'WK 48'!C:C,"")} -> CSR | D29: {=_xlfn.XLOOKUP($A29,'WK 48'!$A:$A,'WK 48'!D:D,"")} -> Production | E29: {=_xlfn.XLOOKUP($A29,'WK 48'!$A:$A,'WK 48'!E:E,"")} -> FT | F29: {=_xlfn.XLOOKUP($A29,'WK 48'!$A:$A,'WK 48'!F:F,"")} -> 2 | G29: OFF | H29: OFF | I29: 0.45833333 | J29: 0.875 | K29: 0.45833333 | L29: 0.875 | M29: 0.45833333 | N29: 0.875 | O29: 0.45833333 | P29: 0.875 | Q29: 0.45833333 | R29: 0.66666667 | S29: OFF | T29: OFF | U29: =IFERROR(__xludf.DUMMYFUNCTION("TO_PURE_NUMBER(SUM(FILTER(G29:T29, ISEVEN(COLUMN(G29:T29))))-SUM(FILTER(G29:T29, ISODD(COLUMN(G29:T29)))))*24"),45.0000000001746) -> 45
A30: 10252106 | B30: Marinass Elhusseni | C30: {=_xlfn.XLOOKUP($A30,'WK 48'!A:A,'WK 48'!C:C,"")} -> CSR | D30: {=_xlfn.XLOOKUP($A30,'WK 48'!$A:$A,'WK 48'!D:D,"")} -> Production | E30: {=_xlfn.XLOOKUP($A30,'WK 48'!$A:$A,'WK 48'!E:E,"")} -> FT | F30: {=_xlfn.XLOOKUP($A30,'WK 48'!$A:$A,'WK 48'!F:F,"")} -> 2 | G30: 0.5 | H30: 0.875 | I30: OFF | J30: OFF | K30: OFF | L30: OFF | M30: 0.5 | N30: 0.875 | O30: 0.5 | P30: 0.875 | Q30: 0.45833333 | R30: 0.66666667 | S30: 0.45833333 | T30: 0.66666667 | U30: =IFERROR(__xludf.DUMMYFUNCTION("TO_PURE_NUMBER(SUM(FILTER(G30:T30, ISEVEN(COLUMN(G30:T30))))-SUM(FILTER(G30:T30, ISODD(COLUMN(G30:T30)))))*24"),37.0000000001164) -> 37
A31: 10320407 | B31: Marleen Francis | C31: {=_xlfn.XLOOKUP($A31,'WK 48'!A:A,'WK 48'!C:C,"")} -> CSR | D31: {=_xlfn.XLOOKUP($A31,'WK 48'!$A:$A,'WK 48'!D:D,"")} -> Production | E31: {=_xlfn.XLOOKUP($A31,'WK 48'!$A:$A,'WK 48'!E:E,"")} -> FT | F31: {=_xlfn.XLOOKUP($A31,'WK 48'!$A:$A,'WK 48'!F:F,"")} -> 3 | G31: OFF | H31: OFF | I31: 0.45833333 | J31: 0.875 | K31: 0.45833333 | L31: 0.875 | M31: 0.45833333 | N31: 0.875 | O31: 0.45833333 | P31: 0.875 | Q31: 0.45833333 | R31: 0.66666667 | S31: OFF | T31: OFF | U31: =IFERROR(__xludf.DUMMYFUNCTION("TO_PURE_NUMBER(SUM(FILTER(G31:T31, ISEVEN(COLUMN(G31:T31))))-SUM(FILTER(G31:T31, ISODD(COLUMN(G31:T31)))))*24"),45.0000000001746) -> 45
A32: 10320417 | B32: Marwa Nofal | C32: {=_xlfn.XLOOKUP($A32,'WK 48'!A:A,'WK 48'!C:C,"")} -> CSR | D32: {=_xlfn.XLOOKUP($A32,'WK 48'!$A:$A,'WK 48'!D:D,"")} -> Production | E32: {=_xlfn.XLOOKUP($A32,'WK 48'!$A:$A,'WK 48'!E:E,"")} -> FT | F32: {=_xlfn.XLOOKUP($A32,'WK 48'!$A:$A,'WK 48'!F:F,"")} -> 3 | G32: 0.5 | H32: 0.875 | I32: 0.5 | J32: 0.875 | K32: 0.5 | L32: 0.875 | M32: 0.5 | N32: 0.875 | O32: 0.5 | P32: 0.875 | Q32: OFF | R32: OFF | S32: OFF | T32: OFF | U32: =IFERROR(__xludf.DUMMYFUNCTION("TO_PURE_NUMBER(SUM(FILTER(G32:T32, ISEVEN(COLUMN(G32:T32))))-SUM(FILTER(G32:T32, ISODD(COLUMN(G32:T32)))))*24"),45) -> 45
A33: 10317154 | B33: Mazen Elramlawy | C33: {=_xlfn.XLOOKUP($A33,'WK 48'!A:A,'WK 48'!C:C,"")} -> CSR | D33: {=_xlfn.XLOOKUP($A33,'WK 48'!$A:$A,'WK 48'!D:D,"")} -> Production | E33: {=_xlfn.XLOOKUP($A33,'WK 48'!$A:$A,'WK 48'!E:E,"")} -> FT | F33: {=_xlfn.XLOOKUP($A33,'WK 48'!$A:$A,'WK 48'!F:F,"")} -> 3 | G33: 0.45833333 | H33: 0.83333333 | I33: 0.45833333 | J33: 0.83333333 | K33: 0.45833333 | L33: 0.83333333 | M33: 0.45833333 | N33: 0.83333333 | O33: 0.45833333 | P33: 0.83333333 | Q33: OFF | R33: OFF | S33: OFF | T33: OFF | U33: =IFERROR(__xludf.DUMMYFUNCTION("TO_PURE_NUMBER(SUM(FILTER(G33:T33, ISEVEN(COLUMN(G33:T33))))-SUM(FILTER(G33:T33, ISODD(COLUMN(G33:T33)))))*24"),45) -> 45
A34: 10320436 | B34: Mazen Shoukry | C34: {=_xlfn.XLOOKUP($A34,'WK 48'!A:A,'WK 48'!C:C,"")} -> CSR | D34: {=_xlfn.XLOOKUP($A34,'WK 48'!$A:$A,'WK 48'!D:D,"")} -> Production | E34: {=_xlfn.XLOOKUP($A34,'WK 48'!$A:$A,'WK 48'!E:E,"")} -> FT | F34: {=_xlfn.XLOOKUP($A34,'WK 48'!$A:$A,'WK 48'!F:F,"")} -> 3 | G34: 0.45833333 | H34: 0.875 | I34: 0.45833333 | J34: 0.875 | K34: 0.45833333 | L34: 0.875 | M34: 0.45833333 | N34: 0.875 | O34: OFF | P34: OFF | Q34: OFF | R34: OFF | S34: 0.45833333 | T34: 0.66666667 | U34: =IFERROR(__xludf.DUMMYFUNCTION("TO_PURE_NUMBER(SUM(FILTER(G34:T34, ISEVEN(COLUMN(G34:T34))))-SUM(FILTER(G34:T34, ISODD(COLUMN(G34:T34)))))*24"),45.0000000001746) -> 45
A35: 10316538 | B35: Mohamed Abdelrahman | C35: {=_xlfn.XLOOKUP($A35,'WK 48'!A:A,'WK 48'!C:C,"")} -> CSR | D35: {=_xlfn.XLOOKUP($A35,'WK 48'!$A:$A,'WK 48'!D:D,"")} -> Production | E35: {=_xlfn.XLOOKUP($A35,'WK 48'!$A:$A,'WK 48'!E:E,"")} -> FT | F35: {=_xlfn.XLOOKUP($A35,'WK 48'!$A:$A,'WK 48'!F:F,"")} -> 1 | G35: 0.375 | H35: 0.75 | I35: OFF | J35: OFF | K35: OFF | L35: OFF | M35: 0.375 | N35: 0.75 | O35: 0.375 | P35: 0.75 | Q35: 0.45833333 | R35: 0.66666667 | S35: 0.45833333 | T35: 0.66666667 | U35: =IFERROR(__xludf.DUMMYFUNCTION("TO_PURE_NUMBER(SUM(FILTER(G35:T35, ISEVEN(COLUMN(G35:T35))))-SUM(FILTER(G35:T35, ISODD(COLUMN(G35:T35)))))*24"),37.0000000001164) -> 37
A36: 10293607 | B36: Mohamed Hassan | C36: {=_xlfn.XLOOKUP($A36,'WK 48'!A:A,'WK 48'!C:C,"")} -> CSR | D36: {=_xlfn.XLOOKUP($A36,'WK 48'!$A:$A,'WK 48'!D:D,"")} -> Production | E36: {=_xlfn.XLOOKUP($A36,'WK 48'!$A:$A,'WK 48'!E:E,"")} -> FT | F36: {=_xlfn.XLOOKUP($A36,'WK 48'!$A:$A,'WK 48'!F:F,"")} -> 3 | G36: 0.375 | H36: 0.75 | I36: 0.375 | J36: 0.75 | K36: 0.375 | L36: 0.75 | M36: 0.375 | N36: 0.75 | O36: 0.375 | P36: 0.75 | Q36: OFF | R36: OFF | S36: OFF | T36: OFF | U36: =IFERROR(__xludf.DUMMYFUNCTION("TO_PURE_NUMBER(SUM(FILTER(G36:T36, ISEVEN(COLUMN(G36:T36))))-SUM(FILTER(G36:T36, ISODD(COLUMN(G36:T36)))))*24"),45) -> 45
A37: 10316545 | B37: Nada Mosbah | C37: {=_xlfn.XLOOKUP($A37,'WK 48'!A:A,'WK 48'!C:C,"")} -> CSR | D37: {=_xlfn.XLOOKUP($A37,'WK 48'!$A:$A,'WK 48'!D:D,"")} -> Production | E37: {=_xlfn.XLOOKUP($A37,'WK 48'!$A:$A,'WK 48'!E:E,"")} -> FT | F37: {=_xlfn.XLOOKUP($A37,'WK 48'!$A:$A,'WK 48'!F:F,"")} -> 1 | G37: 0.5 | H37: 0.875 | I37: 0.5 | J37: 0.875 | K37: 0.5 | L37: 0.875 | M37: 0.5 | N37: 0.875 | O37: 0.5 | P37: 0.875 | Q37: OFF | R37: OFF | S37: OFF | T37: OFF | U37: =IFERROR(__xludf.DUMMYFUNCTION("TO_PURE_NUMBER(SUM(FILTER(G37:T37, ISEVEN(COLUMN(G37:T37))))-SUM(FILTER(G37:T37, ISODD(COLUMN(G37:T37)))))*24"),45) -> 45
A38: 10316572 | B38: Nadine Morsy | C38: {=_xlfn.XLOOKUP($A38,'WK 48'!A:A,'WK 48'!C:C,"")} -> CSR | D38: {=_xlfn.XLOOKUP($A38,'WK 48'!$A:$A,'WK 48'!D:D,"")} -> Production | E38: {=_xlfn.XLOOKUP($A38,'WK 48'!$A:$A,'WK 48'!E:E,"")} -> FT | F38: {=_xlfn.XLOOKUP($A38,'WK 48'!$A:$A,'WK 48'!F:F,"")} -> 2 | G38: 0.33333333 | H38: 0.75 | I38: 0.375 | J38: 0.79166667 | K38: 0.375 | L38: 0.79166667 | M38: 0.375 | N38: 0.79166667 | O38: OFF | P38: OFF | Q38: OFF | R38: OFF | S38: 0.41666667 | T38: 0.625 | U38: =IFERROR(__xludf.DUMMYFUNCTION("TO_PURE_NUMBER(SUM(FILTER(G38:T38, ISEVEN(COLUMN(G38:T38))))-SUM(FILTER(G38:T38, ISODD(COLUMN(G38:T38)))))*24"),45.0000000000873) -> 45
A39: 10316685 | B39: Nouran Noby | C39: {=_xlfn.XLOOKUP($A39,'WK 48'!A:A,'WK 48'!C:C,"")} -> Esc Mgr | D39: {=_xlfn.XLOOKUP($A39,'WK 48'!$A:$A,'WK 48'!D:D,"")} -> Production | E39: {=_xlfn.XLOOKUP($A39,'WK 48'!$A:$A,'WK 48'!E:E,"")} -> FT | F39: {=_xlfn.XLOOKUP($A39,'WK 48'!$A:$A,'WK 48'!F:F,"")} -> 1 | G39: 0.375 | H39: 0.75 | I39: 0.375 | J39: 0.75 | K39: 0.375 | L39: 0.75 | M39: 0.375 | N39: 0.75 | O39: 0.375 | P39: 0.75 | Q39: OFF | R39: OFF | S39: OFF | T39: OFF | U39: =IFERROR(__xludf.DUMMYFUNCTION("TO_PURE_NUMBER(SUM(FILTER(G39:T39, ISEVEN(COLUMN(G39:T39))))-SUM(FILTER(G39:T39, ISODD(COLUMN(G39:T39)))))*24"),45) -> 45
A40: 10274446 | B40: Omar Emad | C40: {=_xlfn.XLOOKUP($A40,'WK 48'!A:A,'WK 48'!C:C,"")} -> CSR | D40: {=_xlfn.XLOOKUP($A40,'WK 48'!$A:$A,'WK 48'!D:D,"")} -> Production | E40: {=_xlfn.XLOOKUP($A40,'WK 48'!$A:$A,'WK 48'!E:E,"")} -> FT | F40: {=_xlfn.XLOOKUP($A40,'WK 48'!$A:$A,'WK 48'!F:F,"")} -> 2 | G40: 0.5 | H40: 0.875 | I40: 0.5 | J40: 0.875 | K40: AN | L40: AN | M40: OFF | N40: OFF | O40: OFF | P40: OFF | Q40: AN | R40: AN | S40: AN | T40: AN | U40: =IFERROR(__xludf.DUMMYFUNCTION("TO_PURE_NUMBER(SUM(FILTER(G40:T40, ISEVEN(COLUMN(G40:T40))))-SUM(FILTER(G40:T40, ISODD(COLUMN(G40:T40)))))*24"),18) -> 18
A41: 10276839 | B41: Reem Alaa | C41: {=_xlfn.XLOOKUP($A41,'WK 48'!A:A,'WK 48'!C:C,"")} -> CSR | D41: {=_xlfn.XLOOKUP($A41,'WK 48'!$A:$A,'WK 48'!D:D,"")} -> Production | E41: {=_xlfn.XLOOKUP($A41,'WK 48'!$A:$A,'WK 48'!E:E,"")} -> FT | F41: {=_xlfn.XLOOKUP($A41,'WK 48'!$A:$A,'WK 48'!F:F,"")} -> 2 | G41: 0.5 | H41: 0.875 | I41: 0.5 | J41: 0.875 | K41: 0.5 | L41: 0.875 | M41: 0.5 | N41: 0.875 | O41: 0.5 | P41: 0.875 | Q41: OFF | R41: OFF | S41: OFF | T41: OFF | U41: =IFERROR(__xludf.DUMMYFUNCTION("TO_PURE_NUMBER(SUM(FILTER(G41:T41, ISEVEN(COLUMN(G41:T41))))-SUM(FILTER(G41:T41, ISODD(COLUMN(G41:T41)))))*24"),45) -> 45
A42: 10320419 | B42: Salma Hassan | C42: {=_xlfn.XLOOKUP($A42,'WK 48'!A:A,'WK 48'!C:C,"")} -> CSR | D42: {=_xlfn.XLOOKUP($A42,'WK 48'!$A:$A,'WK 48'!D:D,"")} -> Production | E42: {=_xlfn.XLOOKUP($A42,'WK 48'!$A:$A,'WK 48'!E:E,"")} -> FT | F42: {=_xlfn.XLOOKUP($A42,'WK 48'!$A:$A,'WK 48'!F:F,"")} -> 3 | G42: OFF | H42: OFF | I42: 0.45833333 | J42: 0.875 | K42: 0.45833333 | L42: 0.875 | M42: 0.45833333 | N42: 0.875 | O42: 0.45833333 | P42: 0.875 | Q42: 0.45833333 | R42: 0.66666667 | S42: OFF | T42: OFF | U42: =IFERROR(__xludf.DUMMYFUNCTION("TO_PURE_NUMBER(SUM(FILTER(G42:T42, ISEVEN(COLUMN(G42:T42))))-SUM(FILTER(G42:T42, ISODD(COLUMN(G42:T42)))))*24"),45.0000000001746) -> 45
A43: 10316546 | B43: Salma Majed | C43: {=_xlfn.XLOOKUP($A43,'WK 48'!A:A,'WK 48'!C:C,"")} -> CSR | D43: {=_xlfn.XLOOKUP($A43,'WK 48'!$A:$A,'WK 48'!D:D,"")} -> Production | E43: {=_xlfn.XLOOKUP($A43,'WK 48'!$A:$A,'WK 48'!E:E,"")} -> FT | F43: {=_xlfn.XLOOKUP($A43,'WK 48'!$A:$A,'WK 48'!F:F,"")} -> 1 | G43: 0.375 | H43: 0.75 | I43: 0.375 | J43: 0.75 | K43: 0.375 | L43: 0.75 | M43: OFF | N43: OFF | O43: OFF | P43: OFF | Q43: 0.45833333 | R43: 0.66666667 | S43: 0.45833333 | T43: 0.66666667 | U43: =IFERROR(__xludf.DUMMYFUNCTION("TO_PURE_NUMBER(SUM(FILTER(G43:T43, ISEVEN(COLUMN(G43:T43))))-SUM(FILTER(G43:T43, ISODD(COLUMN(G43:T43)))))*24"),37.0000000001164) -> 37
A44: 10316551 | B44: Salma Salah | C44: {=_xlfn.XLOOKUP($A44,'WK 48'!A:A,'WK 48'!C:C,"")} -> CSR | D44: {=_xlfn.XLOOKUP($A44,'WK 48'!$A:$A,'WK 48'!D:D,"")} -> Production | E44: {=_xlfn.XLOOKUP($A44,'WK 48'!$A:$A,'WK 48'!E:E,"")} -> FT | F44: {=_xlfn.XLOOKUP($A44,'WK 48'!$A:$A,'WK 48'!F:F,"")} -> 1 | G44: 0.375 | H44: 0.75 | I44: 0.375 | J44: 0.75 | K44: 0.375 | L44: 0.75 | M44: 0.375 | N44: 0.75 | O44: 0.375 | P44: 0.75 | Q44: OFF | R44: OFF | S44: OFF | T44: OFF | U44: =IFERROR(__xludf.DUMMYFUNCTION("TO_PURE_NUMBER(SUM(FILTER(G44:T44, ISEVEN(COLUMN(G44:T44))))-SUM(FILTER(G44:T44, ISODD(COLUMN(G44:T44)))))*24"),45) -> 45
A45: 10320435 | B45: Seifeldin Hassan | C45: {=_xlfn.XLOOKUP($A45,'WK 48'!A:A,'WK 48'!C:C,"")} -> CSR | D45: {=_xlfn.XLOOKUP($A45,'WK 48'!$A:$A,'WK 48'!D:D,"")} -> Production | E45: {=_xlfn.XLOOKUP($A45,'WK 48'!$A:$A,'WK 48'!E:E,"")} -> FT | F45: {=_xlfn.XLOOKUP($A45,'WK 48'!$A:$A,'WK 48'!F:F,"")} -> 3 | G45: 0.375 | H45: 0.75 | I45: 0.375 | J45: 0.75 | K45: 0.375 | L45: 0.75 | M45: 0.375 | N45: 0.75 | O45: 0.375 | P45: 0.75 | Q45: OFF | R45: OFF | S45: OFF | T45: OFF | U45: =IFERROR(__xludf.DUMMYFUNCTION("TO_PURE_NUMBER(SUM(FILTER(G45:T45, ISEVEN(COLUMN(G45:T45))))-SUM(FILTER(G45:T45, ISODD(COLUMN(G45:T45)))))*24"),45) -> 45
A46: 10316683 | B46: Shahd Abdelaziz | C46: {=_xlfn.XLOOKUP($A46,'WK 48'!A:A,'WK 48'!C:C,"")} -> CSR | D46: {=_xlfn.XLOOKUP($A46,'WK 48'!$A:$A,'WK 48'!D:D,"")} -> Production | E46: {=_xlfn.XLOOKUP($A46,'WK 48'!$A:$A,'WK 48'!E:E,"")} -> FT | F46: {=_xlfn.XLOOKUP($A46,'WK 48'!$A:$A,'WK 48'!F:F,"")} -> 1 | G46: 0.5 | H46: 0.875 | I46: 0.5 | J46: 0.875 | K46: 0.5 | L46: 0.875 | M46: 0.5 | N46: 0.875 | O46: 0.5 | P46: 0.875 | Q46: OFF | R46: OFF | S46: OFF | T46: OFF | U46: =IFERROR(__xludf.DUMMYFUNCTION("TO_PURE_NUMBER(SUM(FILTER(G46:T46, ISEVEN(COLUMN(G46:T46))))-SUM(FILTER(G46:T46, ISODD(COLUMN(G46:T46)))))*24"),45) -> 45
A47: 10316540 | B47: Wafaa Elnaby | C47: {=_xlfn.XLOOKUP($A47,'WK 48'!A:A,'WK 48'!C:C,"")} -> CSR | D47: {=_xlfn.XLOOKUP($A47,'WK 48'!$A:$A,'WK 48'!D:D,"")} -> B2B | E47: {=_xlfn.XLOOKUP($A47,'WK 48'!$A:$A,'WK 48'!E:E,"")} -> FT | F47: {=_xlfn.XLOOKUP($A47,'WK 48'!$A:$A,'WK 48'!F:F,"")} -> 1 | G47: 0.375 | H47: 0.75 | I47: 0.375 | J47: 0.75 | K47: 0.375 | L47: 0.75 | M47: 0.375 | N47: 0.75 | O47: 0.375 | P47: 0.75 | Q47: OFF | R47: OFF | S47: OFF | T47: OFF | U47: =IFERROR(__xludf.DUMMYFUNCTION("TO_PURE_NUMBER(SUM(FILTER(G47:T47, ISEVEN(COLUMN(G47:T47))))-SUM(FILTER(G47:T47, ISODD(COLUMN(G47:T47)))))*24"),45) -> 45
A48: 10293627 | B48: Yassin Shaker | C48: {=_xlfn.XLOOKUP($A48,'WK 48'!A:A,'WK 48'!C:C,"")} -> CSR | D48: {=_xlfn.XLOOKUP($A48,'WK 48'!$A:$A,'WK 48'!D:D,"")} -> Production | E48: {=_xlfn.XLOOKUP($A48,'WK 48'!$A:$A,'WK 48'!E:E,"")} -> FT | F48: {=_xlfn.XLOOKUP($A48,'WK 48'!$A:$A,'WK 48'!F:F,"")} -> 3 | G48: 0.5 | H48: 0.875 | I48: 0.5 | J48: 0.875 | K48: 0.5 | L48: 0.875 | M48: 0.5 | N48: 0.875 | O48: 0.5 | P48: 0.875 | Q48: OFF | R48: OFF | S48: OFF | T48: OFF | U48: =IFERROR(__xludf.DUMMYFUNCTION("TO_PURE_NUMBER(SUM(FILTER(G48:T48, ISEVEN(COLUMN(G48:T48))))-SUM(FILTER(G48:T48, ISODD(COLUMN(G48:T48)))))*24"),45) -> 45
A49: 10320409 | B49: Youssef Eltokhy | C49: {=_xlfn.XLOOKUP($A49,'WK 48'!A:A,'WK 48'!C:C,"")} -> CSR | D49: {=_xlfn.XLOOKUP($A49,'WK 48'!$A:$A,'WK 48'!D:D,"")} -> Production | E49: {=_xlfn.XLOOKUP($A49,'WK 48'!$A:$A,'WK 48'!E:E,"")} -> FT | F49: {=_xlfn.XLOOKUP($A49,'WK 48'!$A:$A,'WK 48'!F:F,"")} -> 3 | G49: 0.5 | H49: 0.875 | I49: 0.5 | J49: 0.875 | K49: 0.5 | L49: 0.875 | M49: OFF | N49: OFF | O49: OFF | P49: OFF | Q49: 0.45833333 | R49: 0.66666667 | S49: 0.45833333 | T49: 0.66666667 | U49: =IFERROR(__xludf.DUMMYFUNCTION("TO_PURE_NUMBER(SUM(FILTER(G49:T49, ISEVEN(COLUMN(G49:T49))))-SUM(FILTER(G49:T49, ISODD(COLUMN(G49:T49)))))*24"),37.0000000001164) -> 37
A50: 10317151 | B50: Youssef Shokry | C50: {=_xlfn.XLOOKUP($A50,'WK 48'!A:A,'WK 48'!C:C,"")} -> CSR | D50: {=_xlfn.XLOOKUP($A50,'WK 48'!$A:$A,'WK 48'!D:D,"")} -> B2B | E50: {=_xlfn.XLOOKUP($A50,'WK 48'!$A:$A,'WK 48'!E:E,"")} -> FT | F50: {=_xlfn.XLOOKUP($A50,'WK 48'!$A:$A,'WK 48'!F:F,"")} -> 1 | G50: 0.375 | H50: 0.75 | I50: 0.375 | J50: 0.75 | K50: 0.375 | L50: 0.75 | M50: 0.375 | N50: 0.75 | O50: 0.375 | P50: 0.75 | Q50: OFF | R50: OFF | S50: OFF | T50: OFF | U50: =IFERROR(__xludf.DUMMYFUNCTION("TO_PURE_NUMBER(SUM(FILTER(G50:T50, ISEVEN(COLUMN(G50:T50))))-SUM(FILTER(G50:T50, ISODD(COLUMN(G50:T50)))))*24"),45) -> 45
A51: 10317524 | B51: Zeina Ashraf | C51: {=_xlfn.XLOOKUP($A51,'WK 48'!A:A,'WK 48'!C:C,"")} -> CSR | D51: {=_xlfn.XLOOKUP($A51,'WK 48'!$A:$A,'WK 48'!D:D,"")} -> Production | E51: {=_xlfn.XLOOKUP($A51,'WK 48'!$A:$A,'WK 48'!E:E,"")} -> FT | F51: {=_xlfn.XLOOKUP($A51,'WK 48'!$A:$A,'WK 48'!F:F,"")} -> 2 | G51: OFF | H51: OFF | I51: 0.375 | J51: 0.79166667 | K51: 0.375 | L51: 0.79166667 | M51: 0.375 | N51: 0.79166667 | O51: 0.375 | P51: 0.79166667 | Q51: 0.45833333 | R51: 0.66666667 | S51: OFF | T51: OFF | U51: =IFERROR(__xludf.DUMMYFUNCTION("TO_PURE_NUMBER(SUM(FILTER(G51:T51, ISEVEN(COLUMN(G51:T51))))-SUM(FILTER(G51:T51, ISODD(COLUMN(G51:T51)))))*24"),45.0000000001746) -> 45

Sheet Wk 50
G1: 45635 | I1: 45636 | K1: 45637 | M1: 45638 | O1: 45639 | Q1: 45640 | S1: 45641
G2: Monday | I2: Tuesday | K2: Wednesday | M2: Thursday | O2: Friday | Q2: Saturday | S2: Sunday
A3: CIM | B3: Agent Name | C3: Position | D3: Stage | E3: FT/PT | F3: Wave | G3: From | H3: To | I3: From | J3: To | K3: From | L3: To | M3: From | N3: To | O3: From | P3: To | Q3: From | R3: To | S3: From | T3: To
A4: 10320410 | B4: Abdelrahman Etman | C4: {=_xlfn.XLOOKUP($A4,'WK 48'!$A:$A,'WK 48'!C:C,"")} -> CSR | D4: {=_xlfn.XLOOKUP($A4,'WK 48'!$A:$A,'WK 48'!D:D,"")} -> Production | E4: {=_xlfn.XLOOKUP($A4,'WK 48'!$A:$A,'WK 48'!E:E,"")} -> FT | F4: {=_xlfn.XLOOKUP($A4,'WK 48'!$A:$A,'WK 48'!F:F,"")} -> 3 | G4: 0.375 | H4: 0.75 | I4: 0.375 | J4: 0.75 | K4: 0.375 | L4: 0.75 | M4: 0.375 | N4: 0.75 | O4: 0.375 | P4: 0.75 | Q4: OFF | R4: OFF | S4: OFF | T4: OFF | U4: =IFERROR(__xludf.DUMMYFUNCTION("TO_PURE_NUMBER(SUM(FILTER(G4:T4, ISEVEN(COLUMN(G4:T4))))-SUM(FILTER(G4:T4, ISODD(COLUMN(G4:T4)))))*24"),45) -> 45
A5: 10320415 | B5: Abdelrahman Ibrahim | C5: {=_xlfn.XLOOKUP($A5,'WK 48'!A:A,'WK 48'!C:C,"")} -> CSR | D5: {=_xlfn.XLOOKUP($A5,'WK 48'!$A:$A,'WK 48'!D:D,"")} -> Production | E5: {=_xlfn.XLOOKUP($A5,'WK 48'!$A:$A,'WK 48'!E:E,"")} -> FT | F5: {=_xlfn.XLOOKUP($A5,'WK 48'!$A:$A,'WK 48'!F:F,"")} -> 3 | G5: 0.45833333 | H5: 0.875 | I5: 0.45833333 | J5: 0.875 | K5: 0.45833333 | L5: 0.875 | M5: 0.45833333 | N5: 0.875 | O5: OFF | P5: OFF | Q5: OFF | R5: OFF | S5: 0.45833333 | T5: 0.66666667 | U5: =IFERROR(__xludf.DUMMYFUNCTION("TO_PURE_NUMBER(SUM(FILTER(G5:T5, ISEVEN(COLUMN(G5:T5))))-SUM(FILTER(G5:T5, ISODD(COLUMN(G5:T5)))))*24"),45.0000000001746) -> 45
A6: 10317522 | B6: Ahmed Hisham | C6: {=_xlfn.XLOOKUP($A6,'WK 48'!A:A,'WK 48'!C:C,"")} -> CSR | D6: {=_xlfn.XLOOKUP($A6,'WK 48'!$A:$A,'WK 48'!D:D,"")} -> Production | E6: {=_xlfn.XLOOKUP($A6,'WK 48'!$A:$A,'WK 48'!E:E,"")} -> FT | F6: {=_xlfn.XLOOKUP($A6,'WK 48'!$A:$A,'WK 48'!F:F,"")} -> 2 | G6: 0.45833333 | H6: 0.875 | I6: 0.45833333 | J6: 0.875 | K6: 0.45833333 | L6: 0.875 | M6: 0.45833333 | N6: 0.875 | O6: OFF | P6: OFF | Q6: OFF | R6: OFF | S6: 0.45833333 | T6: 0.66666667 | U6: =IFERROR(__xludf.DUMMYFUNCTION("TO_PURE_NUMBER(SUM(FILTER(G6:T6, ISEVEN(COLUMN(G6:T6))))-SUM(FILTER(G6:T6, ISODD(COLUMN(G6:T6)))))*24"),45.0000000001746) -> 45
A7: 10316549 | B7: Ahmed Mamdouh | C7: {=_xlfn.XLOOKUP($A7,'WK 48'!A:A,'WK 48'!C:C,"")} -> CSR | D7: {=_xlfn.XLOOKUP($A7,'WK 48'!$A:$A,'WK 48'!D:D,"")} -> B2B | E7: {=_xlfn.XLOOKUP($A7,'WK 48'!$A:$A,'WK 48'!E:E,"")} -> FT | F7: {=_xlfn.XLOOKUP($A7,'WK 48'!$A:$A,'WK 48'!F:F,"")} -> 1 | G7: 0.375 | H7: 0.75 | I7: 0.375 | J7: 0.75 | K7: 0.375 | L7: 0.75 | M7: 0.375 | N7: 0.75 | O7: 0.375 | P7: 0.75 | Q7: OFF | R7: OFF | S7: OFF | T7: OFF | U7: =IFERROR(__xludf.DUMMYFUNCTION("TO_PURE_NUMBER(SUM(FILTER(G7:T7, ISEVEN(COLUMN(G7:T7))))-SUM(FILTER(G7:T7, ISODD(COLUMN(G7:T7)))))*24"),45) -> 45
A8: 10320413 | B8: Alaa Abdulshafi | C8: {=_xlfn.XLOOKUP($A8,'WK 48'!A:A,'WK 48'!C:C,"")} -> CSR | D8: {=_xlfn.XLOOKUP($A8,'WK 48'!$A:$A,'WK 48'!D:D,"")} -> Production | E8: {=_xlfn.XLOOKUP($A8,'WK 48'!$A:$A,'WK 48'!E:E,"")} -> FT | F8: {=_xlfn.XLOOKUP($A8,'WK 48'!$A:$A,'WK 48'!F:F,"")} -> 3 | G8: 0.5 | H8: 0.875 | I8: 0.5 | J8: 0.875 | K8: 0.5 | L8: 0.875 | M8: 0.5 | N8: 0.875 | O8: 0.5 | P8: 0.875 | Q8: OFF | R8: OFF | S8: OFF | T8: OFF | U8: =IFERROR(__xludf.DUMMYFUNCTION("TO_PURE_NUMBER(SUM(FILTER(G8:T8, ISEVEN(COLUMN(G8:T8))))-SUM(FILTER(G8:T8, ISODD(COLUMN(G8:T8)))))*24"),45) -> 45
A9: 10320408 | B9: Alaa Ali | C9: {=_xlfn.XLOOKUP($A9,'WK 48'!A:A,'WK 48'!C:C,"")} -> CSR | D9: {=_xlfn.XLOOKUP($A9,'WK 48'!$A:$A,'WK 48'!D:D,"")} -> Production | E9: {=_xlfn.XLOOKUP($A9,'WK 48'!$A:$A,'WK 48'!E:E,"")} -> FT | F9: {=_xlfn.XLOOKUP($A9,'WK 48'!$A:$A,'WK 48'!F:F,"")} -> 3 | G9: 0.5 | H9: 0.875 | I9: 0.5 | J9: 0.875 | K9: 0.5 | L9: 0.875 | M9: 0.5 | N9: 0.875 | O9: OFF | P9: OFF | Q9: OFF | R9: OFF | S9: 0.45833333 | T9: 0.66666667 | U9: =IFERROR(__xludf.DUMMYFUNCTION("TO_PURE_NUMBER(SUM(FILTER(G9:T9, ISEVEN(COLUMN(G9:T9))))-SUM(FILTER(G9:T9, ISODD(COLUMN(G9:T9)))))*24"),41.0000000000582) -> 41
A10: 10317147 | B10: Asalla Metwally | C10: {=_xlfn.XLOOKUP($A10,'WK 48'!A:A,'WK 48'!C:C,"")} -> CSR | D10: {=_xlfn.XLOOKUP($A10,'WK 48'!$A:$A,'WK 48'!D:D,"")} -> Production | E10: {=_xlfn.XLOOKUP($A10,'WK 48'!$A:$A,'WK 48'!E:E,"")} -> FT | F10: {=_xlfn.XLOOKUP($A10,'WK 48'!$A:$A,'WK 48'!F:F,"")} -> 1 | G10: OFF | H10: OFF | I10: 0.45833333 | J10: 0.875 | K10: 0.45833333 | L10: 0.875 | M10: 0.45833333 | N10: 0.875 | O10: 0.45833333 | P10: 0.875 | Q10: 0.45833333 | R10: 0.66666667 | S10: OFF | T10: OFF | U10: =IFERROR(__xludf.DUMMYFUNCTION("TO_PURE_NUMBER(SUM(FILTER(G10:T10, ISEVEN(COLUMN(G10:T10))))-SUM(FILTER(G10:T10, ISODD(COLUMN(G10:T10)))))*24"),45.0000000001746) -> 45
A11: 10272259 | B11: Aya Hassan | C11: {=_xlfn.XLOOKUP($A11,'WK 48'!A:A,'WK 48'!C:C,"")} -> CSR | D11: {=_xlfn.XLOOKUP($A11,'WK 48'!$A:$A,'WK 48'!D:D,"")} -> Production | E11: {=_xlfn.XLOOKUP($A11,'WK 48'!$A:$A,'WK 48'!E:E,"")} -> FT | F11: {=_xlfn.XLOOKUP($A11,'WK 48'!$A:$A,'WK 48'!F:F,"")} -> 2 | G11: AN | H11: AN | I11: OFF | J11: OFF | K11: OFF | L11: OFF | M11: AN | N11: AN | O11: AN | P11: AN | Q11: 0.45833333 | R11: 0.66666667 | S11: 0.45833333 | T11: 0.66666667 | U11: =IFERROR(__xludf.DUMMYFUNCTION("TO_PURE_NUMBER(SUM(FILTER(G11:T11, ISEVEN(COLUMN(G11:T11))))-SUM(FILTER(G11:T11, ISODD(COLUMN(G11:T11)))))*24"),10.0000000001164) -> 10
A12: 10320412 | B12: Bassant Amin | C12: {=_xlfn.XLOOKUP($A12,'WK 48'!A:A,'WK 48'!C:C,"")} -> CSR | D12: {=_xlfn.XLOOKUP($A12,'WK 48'!$A:$A,'WK 48'!D:D,"")} -> Production | E12: {=_xlfn.XLOOKUP($A12,'WK 48'!$A:$A,'WK 48'!E:E,"")} -> FT | F12: {=_xlfn.XLOOKUP($A12,'WK 48'!$A:$A,'WK 48'!F:F,"")} -> 3 | G12: 0.5 | H12: 0.875 | I12: 0.5 | J12: 0.875 | K12: 0.5 | L12: 0.875 | M12: 0.5 | N12: 0.875 | O12: 0.5 | P12: 0.875 | Q12: OFF | R12: OFF | S12: OFF | T12: OFF | U12: =IFERROR(__xludf.DUMMYFUNCTION("TO_PURE_NUMBER(SUM(FILTER(G12:T12, ISEVEN(COLUMN(G12:T12))))-SUM(FILTER(G12:T12, ISODD(COLUMN(G12:T12)))))*24"),45) -> 45
A13: 10320418 | B13: Bassant Eissa | C13: {=_xlfn.XLOOKUP($A13,'WK 48'!A:A,'WK 48'!C:C,"")} -> CSR | D13: {=_xlfn.XLOOKUP($A13,'WK 48'!$A:$A,'WK 48'!D:D,"")} -> Production | E13: {=_xlfn.XLOOKUP($A13,'WK 48'!$A:$A,'WK 48'!E:E,"")} -> FT | F13: {=_xlfn.XLOOKUP($A13,'WK 48'!$A:$A,'WK 48'!F:F,"")} -> 3 | G13: 0.375 | H13: 0.75 | I13: 0.375 | J13: 0.75 | K13: 0.375 | L13: 0.75 | M13: 0.375 | N13: 0.75 | O13: OFF | P13: OFF | Q13: OFF | R13: OFF | S13: 0.45833333 | T13: 0.66666667 | U13: =IFERROR(__xludf.DUMMYFUNCTION("TO_PURE_NUMBER(SUM(FILTER(G13:T13, ISEVEN(COLUMN(G13:T13))))-SUM(FILTER(G13:T13, ISODD(COLUMN(G13:T13)))))*24"),41.0000000000582) -> 41
A14: 10316618 | B14: Caren Lawendi | C14: {=_xlfn.XLOOKUP($A14,'WK 48'!A:A,'WK 48'!C:C,"")} -> CSR | D14: {=_xlfn.XLOOKUP($A14,'WK 48'!$A:$A,'WK 48'!D:D,"")} -> B2B | E14: {=_xlfn.XLOOKUP($A14,'WK 48'!$A:$A,'WK 48'!E:E,"")} -> FT | F14: {=_xlfn.XLOOKUP($A14,'WK 48'!$A:$A,'WK 48'!F:F,"")} -> 1 | G14: 0.375 | H14: 0.75 | I14: 0.375 | J14: 0.75 | K14: 0.375 | L14: 0.75 | M14: 0.375 | N14: 0.75 | O14: 0.375 | P14: 0.75 | Q14: OFF | R14: OFF | S14: OFF | T14: OFF | U14: =IFERROR(__xludf.DUMMYFUNCTION("TO_PURE_NUMBER(SUM(FILTER(G14:T14, ISEVEN(COLUMN(G14:T14))))-SUM(FILTER(G14:T14, ISODD(COLUMN(G14:T14)))))*24"),45) -> 45
A15: 10250963 | B15: Dina Hanafy | C15: {=_xlfn.XLOOKUP($A15,'WK 48'!A:A,'WK 48'!C:C,"")} -> CSR | D15: {=_xlfn.XLOOKUP($A15,'WK 48'!$A:$A,'WK 48'!D:D,"")} -> Production | E15: {=_xlfn.XLOOKUP($A15,'WK 48'!$A:$A,'WK 48'!E:E,"")} -> FT | F15: {=_xlfn.XLOOKUP($A15,'WK 48'!$A:$A,'WK 48'!F:F,"")} -> 1 | G15: OFF | H15: OFF | I15: 0.45833333 | J15: 0.875 | K15: 0.45833333 | L15: 0.875 | M15: 0.45833333 | N15: 0.875 | O15: 0.45833333 | P15: 0.875 | Q15: 0.45833333 | R15: 0.66666667 | S15: OFF | T15: OFF | U15: =IFERROR(__xludf.DUMMYFUNCTION("TO_PURE_NUMBER(SUM(FILTER(G15:T15, ISEVEN(COLUMN(G15:T15))))-SUM(FILTER(G15:T15, ISODD(COLUMN(G15:T15)))))*24"),45.0000000001746) -> 45
A16: 10295555 | B16: Duaa Elshareeff | C16: {=_xlfn.XLOOKUP($A16,'WK 48'!A:A,'WK 48'!C:C,"")} -> CSR | D16: {=_xlfn.XLOOKUP($A16,'WK 48'!$A:$A,'WK 48'!D:D,"")} -> Production | E16: {=_xlfn.XLOOKUP($A16,'WK 48'!$A:$A,'WK 48'!E:E,"")} -> PT | F16: {=_xlfn.XLOOKUP($A16,'WK 48'!$A:$A,'WK 48'!F:F,"")} -> 2 | G16: 0.375 | H16: 0.58333333 | I16: 0.375 | J16: 0.58333333 | K16: 0.375 | L16: 0.58333333 | M16: OFF | N16: OFF | O16: OFF | P16: OFF | Q16: 0.45833333 | R16: 0.66666667 | S16: 0.45833333 | T16: 0.66666667 | U16: =IFERROR(__xludf.DUMMYFUNCTION("TO_PURE_NUMBER(SUM(FILTER(G16:T16, ISEVEN(COLUMN(G16:T16))))-SUM(FILTER(G16:T16, ISODD(COLUMN(G16:T16)))))*24"),25.0000000000291) -> 25
A17: 10317520 | B17: Farida Gadalkarim | C17: {=_xlfn.XLOOKUP($A17,'WK 48'!A:A,'WK 48'!C:C,"")} -> CSR | D17: {=_xlfn.XLOOKUP($A17,'WK 48'!$A:$A,'WK 48'!D:D,"")} -> Production | E17: {=_xlfn.XLOOKUP($A17,'WK 48'!$A:$A,'WK 48'!E:E,"")} -> FT | F17: {=_xlfn.XLOOKUP($A17,'WK 48'!$A:$A,'WK 48'!F:F,"")} -> 2 | G17: OFF | H17: OFF | I17: 0.33333333 | J17: 0.75 | K17: 0.33333333 | L17: 0.75 | M17: 0.33333333 | N17: 0.75 | O17: 0.33333333 | P17: 0.75 | Q17: 0.41666667 | R17: 0.625 | S17: OFF | T17: OFF | U17: =IFERROR(__xludf.DUMMYFUNCTION("TO_PURE_NUMBER(SUM(FILTER(G17:T17, ISEVEN(COLUMN(G17:T17))))-SUM(FILTER(G17:T17, ISODD(COLUMN(G17:T17)))))*24"),45.0000000000873) -> 45
A18: 10320414 | B18: Fatimaalzahra Hafez | C18: {=_xlfn.XLOOKUP($A18,'WK 48'!A:A,'WK 48'!C:C,"")} -> CSR | D18: {=_xlfn.XLOOKUP($A18,'WK 48'!$A:$A,'WK 48'!D:D,"")} -> Production | E18: {=_xlfn.XLOOKUP($A18,'WK 48'!$A:$A,'WK 48'!E:E,"")} -> FT | F18: {=_xlfn.XLOOKUP($A18,'WK 48'!$A:$A,'WK 48'!F:F,"")} -> 3 | G18: OFF | H18: OFF | I18: 0.375 | J18: 0.79166667 | K18: 0.375 | L18: 0.79166667 | M18: 0.375 | N18: 0.79166667 | O18: 0.375 | P18: 0.79166667 | Q18: 0.45833333 | R18: 0.66666667 | S18: OFF | T18: OFF | U18: =IFERROR(__xludf.DUMMYFUNCTION("TO_PURE_NUMBER(SUM(FILTER(G18:T18, ISEVEN(COLUMN(G18:T18))))-SUM(FILTER(G18:T18, ISODD(COLUMN(G18:T18)))))*24"),45.0000000001746) -> 45
A19: 10316681 | B19: Habiba Morsy | C19: ESC | D19: {=_xlfn.XLOOKUP($A19,'WK 48'!$A:$A,'WK 48'!D:D,"")} -> Production | E19: {=_xlfn.XLOOKUP($A19,'WK 48'!$A:$A,'WK 48'!E:E,"")} -> FT | F19: {=_xlfn.XLOOKUP($A19,'WK 48'!$A:$A,'WK 48'!F:F,"")} -> 1 | G19: 0.375 | H19: 0.75 | I19: 0.375 | J19: 0.75 | K19: 0.375 | L19: 0.75 | M19: 0.375 | N19: 0.75 | O19: 0.375 | P19: 0.75 | Q19: OFF | R19: OFF | S19: OFF | T19: OFF | U19: =IFERROR(__xludf.DUMMYFUNCTION("TO_PURE_NUMBER(SUM(FILTER(G19:T19, ISEVEN(COLUMN(G19:T19))))-SUM(FILTER(G19:T19, ISODD(COLUMN(G19:T19)))))*24"),45) -> 45
A20: 10316650 | B20: Hana Afifi | C20: {=_xlfn.XLOOKUP($A20,'WK 48'!A:A,'WK 48'!C:C,"")} -> CSR | D20: {=_xlfn.XLOOKUP($A20,'WK 48'!$A:$A,'WK 48'!D:D,"")} -> Production | E20: {=_xlfn.XLOOKUP($A20,'WK 48'!$A:$A,'WK 48'!E:E,"")} -> FT | F20: {=_xlfn.XLOOKUP($A20,'WK 48'!$A:$A,'WK 48'!F:F,"")} -> 2 | G20: 0.375 | H20: 0.79166667 | I20: 0.375 | J20: 0.79166667 | K20: 0.375 | L20: 0.79166667 | M20: 0.375 | N20: 0.79166667 | O20: OFF | P20: OFF | Q20: OFF | R20: OFF | S20: 0.45833333 | T20: 0.66666667 | U20: =IFERROR(__xludf.DUMMYFUNCTION("TO_PURE_NUMBER(SUM(FILTER(G20:T20, ISEVEN(COLUMN(G20:T20))))-SUM(FILTER(G20:T20, ISODD(COLUMN(G20:T20)))))*24"),45.0000000001746) -> 45
A21: 10320416 | B21: Hana Jankiz | C21: {=_xlfn.XLOOKUP($A21,'WK 48'!A:A,'WK 48'!C:C,"")} -> CSR | D21: {=_xlfn.XLOOKUP($A21,'WK 48'!$A:$A,'WK 48'!D:D,"")} -> Production | E21: {=_xlfn.XLOOKUP($A21,'WK 48'!$A:$A,'WK 48'!E:E,"")} -> FT | F21: {=_xlfn.XLOOKUP($A21,'WK 48'!$A:$A,'WK 48'!F:F,"")} -> 3 | G21: 0.5 | H21: 0.875 | I21: 0.5 | J21: 0.875 | K21: 0.5 | L21: 0.875 | M21: 0.5 | N21: 0.875 | O21: 0.5 | P21: 0.875 | Q21: OFF | R21: OFF | S21: OFF | T21: OFF | U21: =IFERROR(__xludf.DUMMYFUNCTION("TO_PURE_NUMBER(SUM(FILTER(G21:T21, ISEVEN(COLUMN(G21:T21))))-SUM(FILTER(G21:T21, ISODD(COLUMN(G21:T21)))))*24"),45) -> 45
A22: 10316530 | B22: Hassan Hussain | C22: {=_xlfn.XLOOKUP($A22,'WK 48'!A:A,'WK 48'!C:C,"")} -> CSR | D22: {=_xlfn.XLOOKUP($A22,'WK 48'!$A:$A,'WK 48'!D:D,"")} -> Production | E22: {=_xlfn.XLOOKUP($A22,'WK 48'!$A:$A,'WK 48'!E:E,"")} -> FT | F22: {=_xlfn.XLOOKUP($A22,'WK 48'!$A:$A,'WK 48'!F:F,"")} -> 1 | G22: OFF | H22: OFF | I22: 0.45833333 | J22: 0.875 | K22: 0.45833333 | L22: 0.875 | M22: 0.45833333 | N22: 0.875 | O22: 0.45833333 | P22: 0.875 | Q22: 0.45833333 | R22: 0.66666667 | S22: OFF | T22: OFF | U22: =IFERROR(__xludf.DUMMYFUNCTION("TO_PURE_NUMBER(SUM(FILTER(G22:T22, ISEVEN(COLUMN(G22:T22))))-SUM(FILTER(G22:T22, ISODD(COLUMN(G22:T22)))))*24"),45.0000000001746) -> 45
A23: 10316680 | B23: Hesham Hussien | C23: {=_xlfn.XLOOKUP($A23,'WK 48'!A:A,'WK 48'!C:C,"")} -> CSR | D23: {=_xlfn.XLOOKUP($A23,'WK 48'!$A:$A,'WK 48'!D:D,"")} -> Production | E23: {=_xlfn.XLOOKUP($A23,'WK 48'!$A:$A,'WK 48'!E:E,"")} -> FT | F23: {=_xlfn.XLOOKUP($A23,'WK 48'!$A:$A,'WK 48'!F:F,"")} -> 1 | G23: 0.5 | H23: 0.875 | I23: 0.5 | J23: 0.875 | K23: 0.5 | L23: 0.875 | M23: 0.5 | N23: 0.875 | O23: 0.5 | P23: 0.875 | Q23: OFF | R23: OFF | S23: OFF | T23: OFF | U23: =IFERROR(__xludf.DUMMYFUNCTION("TO_PURE_NUMBER(SUM(FILTER(G23:T23, ISEVEN(COLUMN(G23:T23))))-SUM(FILTER(G23:T23, ISODD(COLUMN(G23:T23)))))*24"),45) -> 45
A24: 10317943 | B24: Hla Badr | C24: {=_xlfn.XLOOKUP($A24,'WK 48'!A:A,'WK 48'!C:C,"")} -> CSR | D24: {=_xlfn.XLOOKUP($A24,'WK 48'!$A:$A,'WK 48'!D:D,"")} -> Production | E24: {=_xlfn.XLOOKUP($A24,'WK 48'!$A:$A,'WK 48'!E:E,"")} -> FT | F24: {=_xlfn.XLOOKUP($A24,'WK 48'!$A:$A,'WK 48'!F:F,"")} -> 2 | G24: 0.375 | H24: 0.79166667 | I24: 0.375 | J24: 0.79166667 | K24: 0.375 | L24: 0.79166667 | M24: 0.375 | N24: 0.79166667 | O24: OFF | P24: OFF | Q24: OFF | R24: OFF | S24: 0.45833333 | T24: 0.66666667 | U24: =IFERROR(__xludf.DUMMYFUNCTION("TO_PURE_NUMBER(SUM(FILTER(G24:T24, ISEVEN(COLUMN(G24:T24))))-SUM(FILTER(G24:T24, ISODD(COLUMN(G24:T24)))))*24"),45.0000000001746) -> 45
A25: 10250966 | B25: Jumana Ashraf | C25: {=_xlfn.XLOOKUP($A25,'WK 48'!A:A,'WK 48'!C:C,"")} -> CSR | D25: {=_xlfn.XLOOKUP($A25,'WK 48'!$A:$A,'WK 48'!D:D,"")} -> Production | E25: {=_xlfn.XLOOKUP($A25,'WK 48'!$A:$A,'WK 48'!E:E,"")} -> FT | F25: {=_xlfn.XLOOKUP($A25,'WK 48'!$A:$A,'WK 48'!F:F,"")} -> 3 | G25: 0.5 | H25: 0.875 | I25: 0.5 | J25: 0.875 | K25: 0.5 | L25: 0.875 | M25: 0.5 | N25: 0.875 | O25: 0.5 | P25: 0.875 | Q25: OFF | R25: OFF | S25: OFF | T25: OFF | U25: =IFERROR(__xludf.DUMMYFUNCTION("TO_PURE_NUMBER(SUM(FILTER(G25:T25, ISEVEN(COLUMN(G25:T25))))-SUM(FILTER(G25:T25, ISODD(COLUMN(G25:T25)))))*24"),45) -> 45
A26: 10316543 | B26: Khaled Zaafarany | C26: {=_xlfn.XLOOKUP($A26,'WK 48'!A:A,'WK 48'!C:C,"")} -> CSR | D26: {=_xlfn.XLOOKUP($A26,'WK 48'!$A:$A,'WK 48'!D:D,"")} -> Production | E26: {=_xlfn.XLOOKUP($A26,'WK 48'!$A:$A,'WK 48'!E:E,"")} -> FT | F26: {=_xlfn.XLOOKUP($A26,'WK 48'!$A:$A,'WK 48'!F:F,"")} -> 1 | G26: 0.45833333 | H26: 0.875 | I26: 0.45833333 | J26: 0.875 | K26: 0.45833333 | L26: 0.875 | M26: 0.45833333 | N26: 0.875 | O26: OFF | P26: OFF | Q26: OFF | R26: OFF | S26: 0.45833333 | T26: 0.66666667 | U26: =IFERROR(__xludf.DUMMYFUNCTION("TO_PURE_NUMBER(SUM(FILTER(G26:T26, ISEVEN(COLUMN(G26:T26))))-SUM(FILTER(G26:T26, ISODD(COLUMN(G26:T26)))))*24"),45.0000000001746) -> 45
A27: 10317153 | B27: Mahmoud Abdelaziz | C27: {=_xlfn.XLOOKUP($A27,'WK 48'!A:A,'WK 48'!C:C,"")} -> CSR | D27: {=_xlfn.XLOOKUP($A27,'WK 48'!$A:$A,'WK 48'!D:D,"")} -> Production | E27: {=_xlfn.XLOOKUP($A27,'WK 48'!$A:$A,'WK 48'!E:E,"")} -> FT | F27: {=_xlfn.XLOOKUP($A27,'WK 48'!$A:$A,'WK 48'!F:F,"")} -> 1 | G27: OFF | H27: OFF | I27: 0.375 | J27: 0.79166667 | K27: 0.375 | L27: 0.79166667 | M27: 0.375 | N27: 0.79166667 | O27: 0.375 | P27: 0.79166667 | Q27: 0.45833333 | R27: 0.66666667 | S27: OFF | T27: OFF | U27: =IFERROR(__xludf.DUMMYFUNCTION("TO_PURE_NUMBER(SUM(FILTER(G27:T27, ISEVEN(COLUMN(G27:T27))))-SUM(FILTER(G27:T27, ISODD(COLUMN(G27:T27)))))*24"),45.0000000001746) -> 45
A28: 10317521 | B28: Mariam Gadalkarim | C28: {=_xlfn.XLOOKUP($A28,'WK 48'!A:A,'WK 48'!C:C,"")} -> CSR | D28: {=_xlfn.XLOOKUP($A28,'WK 48'!$A:$A,'WK 48'!D:D,"")} -> Production | E28: {=_xlfn.XLOOKUP($A28,'WK 48'!$A:$A,'WK 48'!E:E,"")} -> FT | F28: {=_xlfn.XLOOKUP($A28,'WK 48'!$A:$A,'WK 48'!F:F,"")} -> 2 | G28: OFF | H28: OFF | I28: 0.33333333 | J28: 0.75 | K28: 0.33333333 | L28: 0.75 | M28: 0.33333333 | N28: 0.75 | O28: 0.33333333 | P28: 0.75 | Q28: 0.41666667 | R28: 0.625 | S28: OFF | T28: OFF | U28: =IFERROR(__xludf.DUMMYFUNCTION("TO_PURE_NUMBER(SUM(FILTER(G28:T28, ISEVEN(COLUMN(G28:T28))))-SUM(FILTER(G28:T28, ISODD(COLUMN(G28:T28)))))*24"),45.0000000000873) -> 45
A29: 10317517 | B29: Mariam Hanna | C29: {=_xlfn.XLOOKUP($A29,'WK 48'!A:A,'WK 48'!C:C,"")} -> CSR | D29: {=_xlfn.XLOOKUP($A29,'WK 48'!$A:$A,'WK 48'!D:D,"")} -> Production | E29: {=_xlfn.XLOOKUP($A29,'WK 48'!$A:$A,'WK 48'!E:E,"")} -> FT | F29: {=_xlfn.XLOOKUP($A29,'WK 48'!$A:$A,'WK 48'!F:F,"")} -> 2 | G29: OFF | H29: OFF | I29: 0.375 | J29: 0.79166667 | K29: 0.375 | L29: 0.79166667 | M29: 0.375 | N29: 0.79166667 | O29: 0.375 | P29: 0.79166667 | Q29: 0.45833333 | R29: 0.66666667 | S29: OFF | T29: OFF | U29: =IFERROR(__xludf.DUMMYFUNCTION("TO_PURE_NUMBER(SUM(FILTER(G29:T29, ISEVEN(COLUMN(G29:T29))))-SUM(FILTER(G29:T29, ISODD(COLUMN(G29:T29)))))*24"),45.0000000001746) -> 45
A30: 10252106 | B30: Marinass Elhusseni | C30: {=_xlfn.XLOOKUP($A30,'WK 48'!A:A,'WK 48'!C:C,"")} -> CSR | D30: {=_xlfn.XLOOKUP($A30,'WK 48'!$A:$A,'WK 48'!D:D,"")} -> Production | E30: {=_xlfn.XLOOKUP($A30,'WK 48'!$A:$A,'WK 48'!E:E,"")} -> FT | F30: {=_xlfn.XLOOKUP($A30,'WK 48'!$A:$A,'WK 48'!F:F,"")} -> 2 | G30: PSK | H30: PSK | I30: OFF | J30: OFF | K30: OFF | L30: OFF | M30: 0.375 | N30: 0.75 | O30: 0.375 | P30: 0.75 | Q30: 0.45833333 | R30: 0.66666667 | S30: 0.45833333 | T30: 0.66666667 | U30: =IFERROR(__xludf.DUMMYFUNCTION("TO_PURE_NUMBER(SUM(FILTER(G30:T30, ISEVEN(COLUMN(G30:T30))))-SUM(FILTER(G30:T30, ISODD(COLUMN(G30:T30)))))*24"),28.0000000001164) -> 28
A31: 10320407 | B31: Marleen Francis | C31: {=_xlfn.XLOOKUP($A31,'WK 48'!A:A,'WK 48'!C:C,"")} -> CSR | D31: {=_xlfn.XLOOKUP($A31,'WK 48'!$A:$A,'WK 48'!D:D,"")} -> Production | E31: {=_xlfn.XLOOKUP($A31,'WK 48'!$A:$A,'WK 48'!E:E,"")} -> FT | F31: {=_xlfn.XLOOKUP($A31,'WK 48'!$A:$A,'WK 48'!F:F,"")} -> 3 | G31: OFF | H31: OFF | I31: 0.375 | J31: 0.79166667 | K31: 0.375 | L31: 0.79166667 | M31: 0.375 | N31: 0.79166667 | O31: 0.375 | P31: 0.79166667 | Q31: 0.45833333 | R31: 0.66666667 | S31: OFF | T31: OFF | U31: =IFERROR(__xludf.DUMMYFUNCTION("TO_PURE_NUMBER(SUM(FILTER(G31:T31, ISEVEN(COLUMN(G31:T31))))-SUM(FILTER(G31:T31, ISODD(COLUMN(G31:T31)))))*24"),45.0000000001746) -> 45
A32: 10320417 | B32: Marwa Nofal | C32: {=_xlfn.XLOOKUP($A32,'WK 48'!A:A,'WK 48'!C:C,"")} -> CSR | D32: {=_xlfn.XLOOKUP($A32,'WK 48'!$A:$A,'WK 48'!D:D,"")} -> Production | E32: {=_xlfn.XLOOKUP($A32,'WK 48'!$A:$A,'WK 48'!E:E,"")} -> FT | F32: {=_xlfn.XLOOKUP($A32,'WK 48'!$A:$A,'WK 48'!F:F,"")} -> 3 | G32: 0.375 | H32: 0.79166667 | I32: 0.375 | J32: 0.79166667 | K32: 0.375 | L32: 0.79166667 | M32: 0.375 | N32: 0.79166667 | O32: OFF | P32: OFF | Q32: OFF | R32: OFF | S32: 0.45833333 | T32: 0.66666667 | U32: =IFERROR(__xludf.DUMMYFUNCTION("TO_PURE_NUMBER(SUM(FILTER(G32:T32, ISEVEN(COLUMN(G32:T32))))-SUM(FILTER(G32:T32, ISODD(COLUMN(G32:T32)))))*24"),45.0000000001746) -> 45
A33: 10317154 | B33: Mazen Elramlawy | C33: {=_xlfn.XLOOKUP($A33,'WK 48'!A:A,'WK 48'!C:C,"")} -> CSR | D33: {=_xlfn.XLOOKUP($A33,'WK 48'!$A:$A,'WK 48'!D:D,"")} -> Production | E33: {=_xlfn.XLOOKUP($A33,'WK 48'!$A:$A,'WK 48'!E:E,"")} -> FT | F33: {=_xlfn.XLOOKUP($A33,'WK 48'!$A:$A,'WK 48'!F:F,"")} -> 3 | G33: 0.33333333 | H33: 0.75 | I33: 0.33333333 | J33: 0.75 | K33: 0.33333333 | L33: 0.75 | M33: 0.33333333 | N33: 0.75 | O33: OFF | P33: OFF | Q33: OFF | R33: OFF | S33: 0.41666667 | T33: 0.625 | U33: =IFERROR(__xludf.DUMMYFUNCTION("TO_PURE_NUMBER(SUM(FILTER(G33:T33, ISEVEN(COLUMN(G33:T33))))-SUM(FILTER(G33:T33, ISODD(COLUMN(G33:T33)))))*24"),45.0000000000873) -> 45
A34: 10320436 | B34: Mazen Shoukry | C34: {=_xlfn.XLOOKUP($A34,'WK 48'!A:A,'WK 48'!C:C,"")} -> CSR | D34: {=_xlfn.XLOOKUP($A34,'WK 48'!$A:$A,'WK 48'!D:D,"")} -> Production | E34: {=_xlfn.XLOOKUP($A34,'WK 48'!$A:$A,'WK 48'!E:E,"")} -> FT | F34: {=_xlfn.XLOOKUP($A34,'WK 48'!$A:$A,'WK 48'!F:F,"")} -> 3 | G34: 0.375 | H34: 0.79166667 | I34: 0.375 | J34: 0.79166667 | K34: 0.375 | L34: 0.79166667 | M34: 0.375 | N34: 0.79166667 | O34: OFF | P34: OFF | Q34: OFF | R34: OFF | S34: 0.45833333 | T34: 0.66666667 | U34: =IFERROR(__xludf.DUMMYFUNCTION("TO_PURE_NUMBER(SUM(FILTER(G34:T34, ISEVEN(COLUMN(G34:T34))))-SUM(FILTER(G34:T34, ISODD(COLUMN(G34:T34)))))*24"),45.0000000001746) -> 45
A35: 10316538 | B35: Mohamed Abdelrahman | C35: {=_xlfn.XLOOKUP($A35,'WK 48'!A:A,'WK 48'!C:C,"")} -> CSR | D35: {=_xlfn.XLOOKUP($A35,'WK 48'!$A:$A,'WK 48'!D:D,"")} -> Production | E35: {=_xlfn.XLOOKUP($A35,'WK 48'!$A:$A,'WK 48'!E:E,"")} -> FT | F35: {=_xlfn.XLOOKUP($A35,'WK 48'!$A:$A,'WK 48'!F:F,"")} -> 1 | G35: 0.5 | H35: 0.875 | I35: 0.5 | J35: 0.875 | K35: 0.5 | L35: 0.875 | M35: OFF | N35: OFF | O35: OFF | P35: OFF | Q35: 0.45833333 | R35: 0.66666667 | S35: 0.45833333 | T35: 0.66666667 | U35: =IFERROR(__xludf.DUMMYFUNCTION("TO_PURE_NUMBER(SUM(FILTER(G35:T35, ISEVEN(COLUMN(G35:T35))))-SUM(FILTER(G35:T35, ISODD(COLUMN(G35:T35)))))*24"),37.0000000001164) -> 37
A36: 10293607 | B36: Mohamed Hassan | C36: {=_xlfn.XLOOKUP($A36,'WK 48'!A:A,'WK 48'!C:C,"")} -> CSR | D36: {=_xlfn.XLOOKUP($A36,'WK 48'!$A:$A,'WK 48'!D:D,"")} -> Production | E36: {=_xlfn.XLOOKUP($A36,'WK 48'!$A:$A,'WK 48'!E:E,"")} -> FT | F36: {=_xlfn.XLOOKUP($A36,'WK 48'!$A:$A,'WK 48'!F:F,"")} -> 3 | G36: 0.5 | H36: 0.875 | I36: 0.5 | J36: 0.875 | K36: 0.5 | L36: 0.875 | M36: 0.5 | N36: 0.875 | O36: 0.5 | P36: 0.875 | Q36: OFF | R36: OFF | S36: OFF | T36: OFF | U36: =IFERROR(__xludf.DUMMYFUNCTION("TO_PURE_NUMBER(SUM(FILTER(G36:T36, ISEVEN(COLUMN(G36:T36))))-SUM(FILTER(G36:T36, ISODD(COLUMN(G36:T36)))))*24"),45) -> 45
A37: 10316545 | B37: Nada Mosbah | C37: {=_xlfn.XLOOKUP($A37,'WK 48'!A:A,'WK 48'!C:C,"")} -> CSR | D37: {=_xlfn.XLOOKUP($A37,'WK 48'!$A:$A,'WK 48'!D:D,"")} -> Production | E37: {=_xlfn.XLOOKUP($A37,'WK 48'!$A:$A,'WK 48'!E:E,"")} -> FT | F37: {=_xlfn.XLOOKUP($A37,'WK 48'!$A:$A,'WK 48'!F:F,"")} -> 1 | G37: 0.375 | H37: 0.75 | I37: 0.375 | J37: 0.75 | K37: 0.375 | L37: 0.75 | M37: 0.375 | N37: 0.75 | O37: 0.375 | P37: 0.75 | Q37: OFF | R37: OFF | S37: OFF | T37: OFF | U37: =IFERROR(__xludf.DUMMYFUNCTION("TO_PURE_NUMBER(SUM(FILTER(G37:T37, ISEVEN(COLUMN(G37:T37))))-SUM(FILTER(G37:T37, ISODD(COLUMN(G37:T37)))))*24"),45) -> 45
A38: 10316572 | B38: Nadine Morsy | C38: {=_xlfn.XLOOKUP($A38,'WK 48'!A:A,'WK 48'!C:C,"")} -> CSR | D38: {=_xlfn.XLOOKUP($A38,'WK 48'!$A:$A,'WK 48'!D:D,"")} -> Production | E38: {=_xlfn.XLOOKUP($A38,'WK 48'!$A:$A,'WK 48'!E:E,"")} -> FT | F38: {=_xlfn.XLOOKUP($A38,'WK 48'!$A:$A,'WK 48'!F:F,"")} -> 2 | G38: 0.33333333 | H38: 0.75 | I38: 0.375 | J38: 0.79166667 | K38: 0.375 | L38: 0.79166667 | M38: 0.375 | N38: 0.79166667 | O38: OFF | P38: OFF | Q38: OFF | R38: OFF | S38: 0.41666667 | T38: 0.625 | U38: =IFERROR(__xludf.DUMMYFUNCTION("TO_PURE_NUMBER(SUM(FILTER(G38:T38, ISEVEN(COLUMN(G38:T38))))-SUM(FILTER(G38:T38, ISODD(COLUMN(G38:T38)))))*24"),45.0000000000873) -> 45
A39: 10316685 | B39: Nouran Noby | C39: ESC | D39: {=_xlfn.XLOOKUP($A39,'WK 48'!$A:$A,'WK 48'!D:D,"")} -> Production | E39: {=_xlfn.XLOOKUP($A39,'WK 48'!$A:$A,'WK 48'!E:E,"")} -> FT | F39: {=_xlfn.XLOOKUP($A39,'WK 48'!$A:$A,'WK 48'!F:F,"")} -> 1 | G39: 0.375 | H39: 0.75 | I39: 0.375 | J39: 0.75 | K39: 0.375 | L39: 0.75 | M39: 0.375 | N39: 0.75 | O39: 0.375 | P39: 0.75 | Q39: OFF | R39: OFF | S39: OFF | T39: OFF | U39: =IFERROR(__xludf.DUMMYFUNCTION("TO_PURE_NUMBER(SUM(FILTER(G39:T39, ISEVEN(COLUMN(G39:T39))))-SUM(FILTER(G39:T39, ISODD(COLUMN(G39:T39)))))*24"),45) -> 45
A40: 10274446 | B40: Omar Emad | C40: {=_xlfn.XLOOKUP($A40,'WK 48'!A:A,'WK 48'!C:C,"")} -> CSR | D40: {=_xlfn.XLOOKUP($A40,'WK 48'!$A:$A,'WK 48'!D:D,"")} -> Production | E40: {=_xlfn.XLOOKUP($A40,'WK 48'!$A:$A,'WK 48'!E:E,"")} -> FT | F40: {=_xlfn.XLOOKUP($A40,'WK 48'!$A:$A,'WK 48'!F:F,"")} -> 2 | G40: 0.375 | H40: 0.75 | I40: 0.375 | J40: 0.75 | K40: 0.375 | L40: 0.75 | M40: OFF | N40: OFF | O40: OFF | P40: OFF | Q40: 0.45833333 | R40: 0.66666667 | S40: 0.45833333 | T40: 0.66666667 | U40: =IFERROR(__xludf.DUMMYFUNCTION("TO_PURE_NUMBER(SUM(FILTER(G40:T40, ISEVEN(COLUMN(G40:T40))))-SUM(FILTER(G40:T40, ISODD(COLUMN(G40:T40)))))*24"),37.0000000001164) -> 37
A41: 10276839 | B41: Reem Alaa | C41: {=_xlfn.XLOOKUP($A41,'WK 48'!A:A,'WK 48'!C:C,"")} -> CSR | D41: {=_xlfn.XLOOKUP($A41,'WK 48'!$A:$A,'WK 48'!D:D,"")} -> Production | E41: {=_xlfn.XLOOKUP($A41,'WK 48'!$A:$A,'WK 48'!E:E,"")} -> FT | F41: {=_xlfn.XLOOKUP($A41,'WK 48'!$A:$A,'WK 48'!F:F,"")} -> 2 | G41: 0.41666667 | H41: 0.83333333 | I41: 0.41666667 | J41: 0.83333333 | K41: 0.41666667 | L41: 0.83333333 | M41: 0.41666667 | N41: 0.83333333 | O41: OFF | P41: OFF | Q41: OFF | R41: OFF | S41: 0.45833333 | T41: 0.66666667 | U41: =IFERROR(__xludf.DUMMYFUNCTION("TO_PURE_NUMBER(SUM(FILTER(G41:T41, ISEVEN(COLUMN(G41:T41))))-SUM(FILTER(G41:T41, ISODD(COLUMN(G41:T41)))))*24"),44.9999999998253) -> 45
A42: 10320419 | B42: Salma Hassan | C42: {=_xlfn.XLOOKUP($A42,'WK 48'!A:A,'WK 48'!C:C,"")} -> CSR | D42: {=_xlfn.XLOOKUP($A42,'WK 48'!$A:$A,'WK 48'!D:D,"")} -> Production | E42: {=_xlfn.XLOOKUP($A42,'WK 48'!$A:$A,'WK 48'!E:E,"")} -> FT | F42: {=_xlfn.XLOOKUP($A42,'WK 48'!$A:$A,'WK 48'!F:F,"")} -> 3 | G42: OFF | H42: OFF | I42: 0.375 | J42: 0.79166667 | K42: 0.375 | L42: 0.79166667 | M42: 0.375 | N42: 0.79166667 | O42: 0.375 | P42: 0.79166667 | Q42: 0.45833333 | R42: 0.66666667 | S42: OFF | T42: OFF | U42: =IFERROR(__xludf.DUMMYFUNCTION("TO_PURE_NUMBER(SUM(FILTER(G42:T42, ISEVEN(COLUMN(G42:T42))))-SUM(FILTER(G42:T42, ISODD(COLUMN(G42:T42)))))*24"),45.0000000001746) -> 45
A43: 10316546 | B43: Salma Majed | C43: {=_xlfn.XLOOKUP($A43,'WK 48'!A:A,'WK 48'!C:C,"")} -> CSR | D43: {=_xlfn.XLOOKUP($A43,'WK 48'!$A:$A,'WK 48'!D:D,"")} -> Production | E43: {=_xlfn.XLOOKUP($A43,'WK 48'!$A:$A,'WK 48'!E:E,"")} -> FT | F43: {=_xlfn.XLOOKUP($A43,'WK 48'!$A:$A,'WK 48'!F:F,"")} -> 1 | G43: 0.5 | H43: 0.875 | I43: 0.5 | J43: 0.875 | K43: 0.5 | L43: 0.875 | M43: OFF | N43: OFF | O43: OFF | P43: OFF | Q43: 0.45833333 | R43: 0.66666667 | S43: 0.45833333 | T43: 0.66666667 | U43: =IFERROR(__xludf.DUMMYFUNCTION("TO_PURE_NUMBER(SUM(FILTER(G43:T43, ISEVEN(COLUMN(G43:T43))))-SUM(FILTER(G43:T43, ISODD(COLUMN(G43:T43)))))*24"),37.0000000001164) -> 37
A44: 10316551 | B44: Salma Salah | C44: {=_xlfn.XLOOKUP($A44,'WK 48'!A:A,'WK 48'!C:C,"")} -> CSR | D44: {=_xlfn.XLOOKUP($A44,'WK 48'!$A:$A,'WK 48'!D:D,"")} -> Production | E44: {=_xlfn.XLOOKUP($A44,'WK 48'!$A:$A,'WK 48'!E:E,"")} -> FT | F44: {=_xlfn.XLOOKUP($A44,'WK 48'!$A:$A,'WK 48'!F:F,"")} -> 1 | G44: 0.5 | H44: 0.875 | I44: 0.5 | J44: 0.875 | K44: 0.5 | L44: 0.875 | M44: 0.5 | N44: 0.875 | O44: 0.5 | P44: 0.875 | Q44: OFF | R44: OFF | S44: OFF | T44: OFF | U44: =IFERROR(__xludf.DUMMYFUNCTION("TO_PURE_NUMBER(SUM(FILTER(G44:T44, ISEVEN(COLUMN(G44:T44))))-SUM(FILTER(G44:T44, ISODD(COLUMN(G44:T44)))))*24"),45) -> 45
A45: 10320435 | B45: Seifeldin Hassan | C45: {=_xlfn.XLOOKUP($A45,'WK 48'!A:A,'WK 48'!C:C,"")} -> CSR | D45: {=_xlfn.XLOOKUP($A45,'WK 48'!$A:$A,'WK 48'!D:D,"")} -> Production | E45: {=_xlfn.XLOOKUP($A45,'WK 48'!$A:$A,'WK 48'!E:E,"")} -> FT | F45: {=_xlfn.XLOOKUP($A45,'WK 48'!$A:$A,'WK 48'!F:F,"")} -> 3 | G45: 0.375 | H45: 0.75 | I45: 0.375 | J45: 0.75 | K45: 0.375 | L45: 0.75 | M45: 0.375 | N45: 0.75 | O45: 0.375 | P45: 0.75 | Q45: OFF | R45: OFF | S45: OFF | T45: OFF | U45: =IFERROR(__xludf.DUMMYFUNCTION("TO_PURE_NUMBER(SUM(FILTER(G45:T45, ISEVEN(COLUMN(G45:T45))))-SUM(FILTER(G45:T45, ISODD(COLUMN(G45:T45)))))*24"),45) -> 45
